timestamp, siteid, sensorid, value,global_sensor_id,value2
2020-01-07 00:00:00,1,1,34,1_1,34
2020-01-07 00:00:00,1,2,5,1_2,5
2020-01-07 00:00:00,1,3,,1_3,#N/A
2020-01-07 00:00:00,2,1,0,2_1,0
2020-01-07 00:00:00,2,2,5,2_2,5
2020-01-07 00:00:00,2,3,,2_3,#N/A
2020-01-07 00:00:00,3,1,62,3_1,62
2020-01-07 00:00:00,3,2,5,3_2,5
2020-01-07 00:00:00,3,3,67,3_3,67
2020-01-07 00:00:00,4,1,,4_1,#N/A
2020-01-07 00:00:00,4,2,5,4_2,5
2020-01-07 00:00:00,4,3,,4_3,#N/A
2020-01-07 00:15:00,1,1,,1_1,#N/A
2020-01-07 00:15:00,1,2,5,1_2,5
2020-01-07 00:15:00,1,3,,1_3,#N/A
2020-01-07 00:15:00,2,1,43,2_1,43
2020-01-07 00:15:00,2,2,5,2_2,5
2020-01-07 00:15:00,2,3,,2_3,#N/A
2020-01-07 00:15:00,3,1,3,3_1,3
2020-01-07 00:15:00,3,2,5,3_2,5
2020-01-07 00:15:00,3,3,,3_3,#N/A
2020-01-07 00:15:00,4,1,,4_1,#N/A
2020-01-07 00:15:00,4,2,5,4_2,5
2020-01-07 00:15:00,4,3,29,4_3,29
2020-01-07 00:30:00,1,1,,1_1,#N/A
2020-01-07 00:30:00,1,2,5,1_2,5
2020-01-07 00:30:00,1,3,57,1_3,57
2020-01-07 00:30:00,2,1,31,2_1,31
2020-01-07 00:30:00,2,2,5,2_2,5
2020-01-07 00:30:00,2,3,,2_3,#N/A
2020-01-07 00:30:00,3,1,13,3_1,13
2020-01-07 00:30:00,3,2,5,3_2,5
2020-01-07 00:30:00,3,3,19,3_3,19
2020-01-07 00:30:00,4,1,,4_1,#N/A
2020-01-07 00:30:00,4,2,5,4_2,5
2020-01-07 00:30:00,4,3,,4_3,#N/A
2020-01-07 00:45:00,1,1,,1_1,#N/A
2020-01-07 00:45:00,1,2,5,1_2,5
2020-01-07 00:45:00,1,3,47,1_3,47
2020-01-07 00:45:00,2,1,,2_1,#N/A
2020-01-07 00:45:00,2,2,5,2_2,5
2020-01-07 00:45:00,2,3,49,2_3,49
2020-01-07 00:45:00,3,1,,3_1,#N/A
2020-01-07 00:45:00,3,2,5,3_2,5
2020-01-07 00:45:00,3,3,,3_3,#N/A
2020-01-07 00:45:00,4,1,20,4_1,20
2020-01-07 00:45:00,4,2,5,4_2,5
2020-01-07 00:45:00,4,3,17,4_3,17
2020-01-07 01:00:00,1,1,,1_1,#N/A
2020-01-07 01:00:00,1,2,7,1_2,7
2020-01-07 01:00:00,1,3,,1_3,#N/A
2020-01-07 01:00:00,2,1,,2_1,#N/A
2020-01-07 01:00:00,2,2,7,2_2,7
2020-01-07 01:00:00,2,3,,2_3,#N/A
2020-01-07 01:00:00,3,1,,3_1,#N/A
2020-01-07 01:00:00,3,2,7,3_2,7
2020-01-07 01:00:00,3,3,82,3_3,82
2020-01-07 01:00:00,4,1,20,4_1,20
2020-01-07 01:00:00,4,2,,4_2,#N/A
2020-01-07 01:00:00,4,3,,4_3,#N/A
2020-01-07 01:15:00,1,1,,1_1,#N/A
2020-01-07 01:15:00,1,2,7,1_2,7
2020-01-07 01:15:00,1,3,,1_3,#N/A
2020-01-07 01:15:00,2,1,34,2_1,34
2020-01-07 01:15:00,2,2,7,2_2,7
2020-01-07 01:15:00,2,3,1,2_3,1
2020-01-07 01:15:00,3,1,,3_1,#N/A
2020-01-07 01:15:00,3,2,7,3_2,7
2020-01-07 01:15:00,3,3,,3_3,#N/A
2020-01-07 01:15:00,4,1,49,4_1,49
2020-01-07 01:15:00,4,2,7,4_2,7
2020-01-07 01:15:00,4,3,,4_3,#N/A
2020-01-07 01:30:00,1,1,36,1_1,36
2020-01-07 01:30:00,1,2,7,1_2,7
2020-01-07 01:30:00,1,3,,1_3,#N/A
2020-01-07 01:30:00,2,1,,2_1,#N/A
2020-01-07 01:30:00,2,2,7,2_2,7
2020-01-07 01:30:00,2,3,14,2_3,14
2020-01-07 01:30:00,3,1,70,3_1,70
2020-01-07 01:30:00,3,2,7,3_2,7
2020-01-07 01:30:00,3,3,4,3_3,4
2020-01-07 01:30:00,4,1,10,4_1,10
2020-01-07 01:30:00,4,2,7,4_2,7
2020-01-07 01:30:00,4,3,,4_3,#N/A
2020-01-07 01:45:00,1,1,,1_1,#N/A
2020-01-07 01:45:00,1,2,7,1_2,7
2020-01-07 01:45:00,1,3,,1_3,#N/A
2020-01-07 01:45:00,2,1,5,2_1,5
2020-01-07 01:45:00,2,2,7,2_2,7
2020-01-07 01:45:00,2,3,,2_3,#N/A
2020-01-07 01:45:00,3,1,43,3_1,43
2020-01-07 01:45:00,3,2,,3_2,#N/A
2020-01-07 01:45:00,3,3,79,3_3,79
2020-01-07 01:45:00,4,1,,4_1,#N/A
2020-01-07 01:45:00,4,2,7,4_2,7
2020-01-07 01:45:00,4,3,95,4_3,95
2020-01-07 02:00:00,1,1,,1_1,#N/A
2020-01-07 02:00:00,1,2,7,1_2,7
2020-01-07 02:00:00,1,3,,1_3,#N/A
2020-01-07 02:00:00,2,1,,2_1,#N/A
2020-01-07 02:00:00,2,2,7,2_2,7
2020-01-07 02:00:00,2,3,,2_3,#N/A
2020-01-07 02:00:00,3,1,,3_1,#N/A
2020-01-07 02:00:00,3,2,7,3_2,7
2020-01-07 02:00:00,3,3,,3_3,#N/A
2020-01-07 02:00:00,4,1,,4_1,#N/A
2020-01-07 02:00:00,4,2,7,4_2,7
2020-01-07 02:00:00,4,3,,4_3,#N/A
2020-01-07 02:15:00,1,1,,1_1,#N/A
2020-01-07 02:15:00,1,2,8,1_2,8
2020-01-07 02:15:00,1,3,85,1_3,85
2020-01-07 02:15:00,2,1,,2_1,#N/A
2020-01-07 02:15:00,2,2,8,2_2,8
2020-01-07 02:15:00,2,3,10,2_3,10
2020-01-07 02:15:00,3,1,,3_1,#N/A
2020-01-07 02:15:00,3,2,8,3_2,8
2020-01-07 02:15:00,3,3,,3_3,#N/A
2020-01-07 02:15:00,4,1,,4_1,#N/A
2020-01-07 02:15:00,4,2,8,4_2,8
2020-01-07 02:15:00,4,3,95,4_3,95
2020-01-07 02:30:00,1,1,,1_1,#N/A
2020-01-07 02:30:00,1,2,8,1_2,8
2020-01-07 02:30:00,1,3,43,1_3,43
2020-01-07 02:30:00,2,1,,2_1,#N/A
2020-01-07 02:30:00,2,2,8,2_2,8
2020-01-07 02:30:00,2,3,,2_3,#N/A
2020-01-07 02:30:00,3,1,45,3_1,45
2020-01-07 02:30:00,3,2,8,3_2,8
2020-01-07 02:30:00,3,3,20,3_3,20
2020-01-07 02:30:00,4,1,3,4_1,3
2020-01-07 02:30:00,4,2,8,4_2,8
2020-01-07 02:30:00,4,3,,4_3,#N/A
2020-01-07 02:45:00,1,1,,1_1,#N/A
2020-01-07 02:45:00,1,2,8,1_2,8
2020-01-07 02:45:00,1,3,3,1_3,3
2020-01-07 02:45:00,2,1,,2_1,#N/A
2020-01-07 02:45:00,2,2,8,2_2,8
2020-01-07 02:45:00,2,3,54,2_3,54
2020-01-07 02:45:00,3,1,62,3_1,62
2020-01-07 02:45:00,3,2,8,3_2,8
2020-01-07 02:45:00,3,3,,3_3,#N/A
2020-01-07 02:45:00,4,1,,4_1,#N/A
2020-01-07 02:45:00,4,2,8,4_2,8
2020-01-07 02:45:00,4,3,,4_3,#N/A
2020-01-07 03:00:00,1,1,29,1_1,29
2020-01-07 03:00:00,1,2,8,1_2,8
2020-01-07 03:00:00,1,3,,1_3,#N/A
2020-01-07 03:00:00,2,1,,2_1,#N/A
2020-01-07 03:00:00,2,2,8,2_2,8
2020-01-07 03:00:00,2,3,14,2_3,14
2020-01-07 03:00:00,3,1,,3_1,#N/A
2020-01-07 03:00:00,3,2,8,3_2,8
2020-01-07 03:00:00,3,3,,3_3,#N/A
2020-01-07 03:00:00,4,1,,4_1,#N/A
2020-01-07 03:00:00,4,2,8,4_2,8
2020-01-07 03:00:00,4,3,73,4_3,73
2020-01-07 03:15:00,1,1,88,1_1,88
2020-01-07 03:15:00,1,2,8,1_2,8
2020-01-07 03:15:00,1,3,85,1_3,85
2020-01-07 03:15:00,2,1,,2_1,#N/A
2020-01-07 03:15:00,2,2,8,2_2,8
2020-01-07 03:15:00,2,3,,2_3,#N/A
2020-01-07 03:15:00,3,1,,3_1,#N/A
2020-01-07 03:15:00,3,2,,3_2,#N/A
2020-01-07 03:15:00,3,3,,3_3,#N/A
2020-01-07 03:15:00,4,1,,4_1,#N/A
2020-01-07 03:15:00,4,2,8,4_2,8
2020-01-07 03:15:00,4,3,,4_3,#N/A
2020-01-07 03:30:00,1,1,,1_1,#N/A
2020-01-07 03:30:00,1,2,9,1_2,9
2020-01-07 03:30:00,1,3,9,1_3,9
2020-01-07 03:30:00,2,1,,2_1,#N/A
2020-01-07 03:30:00,2,2,9,2_2,9
2020-01-07 03:30:00,2,3,,2_3,#N/A
2020-01-07 03:30:00,3,1,25,3_1,25
2020-01-07 03:30:00,3,2,9,3_2,9
2020-01-07 03:30:00,3,3,,3_3,#N/A
2020-01-07 03:30:00,4,1,,4_1,#N/A
2020-01-07 03:30:00,4,2,9,4_2,9
2020-01-07 03:30:00,4,3,,4_3,#N/A
2020-01-07 03:45:00,1,1,32,1_1,32
2020-01-07 03:45:00,1,2,9,1_2,9
2020-01-07 03:45:00,1,3,29,1_3,29
2020-01-07 03:45:00,2,1,67,2_1,67
2020-01-07 03:45:00,2,2,9,2_2,9
2020-01-07 03:45:00,2,3,14,2_3,14
2020-01-07 03:45:00,3,1,14,3_1,14
2020-01-07 03:45:00,3,2,9,3_2,9
2020-01-07 03:45:00,3,3,,3_3,#N/A
2020-01-07 03:45:00,4,1,,4_1,#N/A
2020-01-07 03:45:00,4,2,9,4_2,9
2020-01-07 03:45:00,4,3,,4_3,#N/A
2020-01-07 04:00:00,1,1,,1_1,#N/A
2020-01-07 04:00:00,1,2,9,1_2,9
2020-01-07 04:00:00,1,3,,1_3,#N/A
2020-01-07 04:00:00,2,1,,2_1,#N/A
2020-01-07 04:00:00,2,2,9,2_2,9
2020-01-07 04:00:00,2,3,,2_3,#N/A
2020-01-07 04:00:00,3,1,,3_1,#N/A
2020-01-07 04:00:00,3,2,9,3_2,9
2020-01-07 04:00:00,3,3,,3_3,#N/A
2020-01-07 04:00:00,4,1,,4_1,#N/A
2020-01-07 04:00:00,4,2,9,4_2,9
2020-01-07 04:00:00,4,3,,4_3,#N/A
2020-01-07 04:15:00,1,1,79,1_1,79
2020-01-07 04:15:00,1,2,9,1_2,9
2020-01-07 04:15:00,1,3,14,1_3,14
2020-01-07 04:15:00,2,1,,2_1,#N/A
2020-01-07 04:15:00,2,2,9,2_2,9
2020-01-07 04:15:00,2,3,,2_3,#N/A
2020-01-07 04:15:00,3,1,,3_1,#N/A
2020-01-07 04:15:00,3,2,9,3_2,9
2020-01-07 04:15:00,3,3,,3_3,#N/A
2020-01-07 04:15:00,4,1,,4_1,#N/A
2020-01-07 04:15:00,4,2,9,4_2,9
2020-01-07 04:15:00,4,3,,4_3,#N/A
2020-01-07 04:30:00,1,1,,1_1,#N/A
2020-01-07 04:30:00,1,2,9,1_2,9
2020-01-07 04:30:00,1,3,19,1_3,19
2020-01-07 04:30:00,2,1,24,2_1,24
2020-01-07 04:30:00,2,2,9,2_2,9
2020-01-07 04:30:00,2,3,,2_3,#N/A
2020-01-07 04:30:00,3,1,,3_1,#N/A
2020-01-07 04:30:00,3,2,,3_2,#N/A
2020-01-07 04:30:00,3,3,,3_3,#N/A
2020-01-07 04:30:00,4,1,49,4_1,49
2020-01-07 04:30:00,4,2,9,4_2,9
2020-01-07 04:30:00,4,3,10,4_3,10
2020-01-07 04:45:00,1,1,95,1_1,95
2020-01-07 04:45:00,1,2,10,1_2,10
2020-01-07 04:45:00,1,3,32,1_3,32
2020-01-07 04:45:00,2,1,,2_1,#N/A
2020-01-07 04:45:00,2,2,10,2_2,10
2020-01-07 04:45:00,2,3,13,2_3,13
2020-01-07 04:45:00,3,1,,3_1,#N/A
2020-01-07 04:45:00,3,2,10,3_2,10
2020-01-07 04:45:00,3,3,17,3_3,17
2020-01-07 04:45:00,4,1,,4_1,#N/A
2020-01-07 04:45:00,4,2,10,4_2,10
2020-01-07 04:45:00,4,3,67,4_3,67
2020-01-07 05:00:00,1,1,,1_1,#N/A
2020-01-07 05:00:00,1,2,10,1_2,10
2020-01-07 05:00:00,1,3,,1_3,#N/A
2020-01-07 05:00:00,2,1,,2_1,#N/A
2020-01-07 05:00:00,2,2,10,2_2,10
2020-01-07 05:00:00,2,3,,2_3,#N/A
2020-01-07 05:00:00,3,1,1,3_1,1
2020-01-07 05:00:00,3,2,10,3_2,10
2020-01-07 05:00:00,3,3,,3_3,#N/A
2020-01-07 05:00:00,4,1,99,4_1,99
2020-01-07 05:00:00,4,2,10,4_2,10
2020-01-07 05:00:00,4,3,10,4_3,10
2020-01-07 05:15:00,1,1,99,1_1,99
2020-01-07 05:15:00,1,2,10,1_2,10
2020-01-07 05:15:00,1,3,5,1_3,5
2020-01-07 05:15:00,2,1,,2_1,#N/A
2020-01-07 05:15:00,2,2,10,2_2,10
2020-01-07 05:15:00,2,3,34,2_3,34
2020-01-07 05:15:00,3,1,,3_1,#N/A
2020-01-07 05:15:00,3,2,10,3_2,10
2020-01-07 05:15:00,3,3,,3_3,#N/A
2020-01-07 05:15:00,4,1,70,4_1,70
2020-01-07 05:15:00,4,2,10,4_2,10
2020-01-07 05:15:00,4,3,,4_3,#N/A
2020-01-07 05:30:00,1,1,,1_1,#N/A
2020-01-07 05:30:00,1,2,10,1_2,10
2020-01-07 05:30:00,1,3,,1_3,#N/A
2020-01-07 05:30:00,2,1,85,2_1,85
2020-01-07 05:30:00,2,2,10,2_2,10
2020-01-07 05:30:00,2,3,,2_3,#N/A
2020-01-07 05:30:00,3,1,99,3_1,99
2020-01-07 05:30:00,3,2,,3_2,#N/A
2020-01-07 05:30:00,3,3,,3_3,#N/A
2020-01-07 05:30:00,4,1,20,4_1,20
2020-01-07 05:30:00,4,2,10,4_2,10
2020-01-07 05:30:00,4,3,,4_3,#N/A
2020-01-07 05:45:00,1,1,2,1_1,2
2020-01-07 05:45:00,1,2,10,1_2,10
2020-01-07 05:45:00,1,3,,1_3,#N/A
2020-01-07 05:45:00,2,1,,2_1,#N/A
2020-01-07 05:45:00,2,2,10,2_2,10
2020-01-07 05:45:00,2,3,,2_3,#N/A
2020-01-07 05:45:00,3,1,,3_1,#N/A
2020-01-07 05:45:00,3,2,10,3_2,10
2020-01-07 05:45:00,3,3,,3_3,#N/A
2020-01-07 05:45:00,4,1,27,4_1,27
2020-01-07 05:45:00,4,2,10,4_2,10
2020-01-07 05:45:00,4,3,,4_3,#N/A
2020-01-07 06:00:00,1,1,,1_1,#N/A
2020-01-07 06:00:00,1,2,12,1_2,12
2020-01-07 06:00:00,1,3,14,1_3,14
2020-01-07 06:00:00,2,1,,2_1,#N/A
2020-01-07 06:00:00,2,2,12,2_2,12
2020-01-07 06:00:00,2,3,,2_3,#N/A
2020-01-07 06:00:00,3,1,,3_1,#N/A
2020-01-07 06:00:00,3,2,12,3_2,12
2020-01-07 06:00:00,3,3,14,3_3,14
2020-01-07 06:00:00,4,1,,4_1,#N/A
2020-01-07 06:00:00,4,2,12,4_2,12
2020-01-07 06:00:00,4,3,67,4_3,67
2020-01-07 06:15:00,1,1,,1_1,#N/A
2020-01-07 06:15:00,1,2,12,1_2,12
2020-01-07 06:15:00,1,3,1,1_3,1
2020-01-07 06:15:00,2,1,5,2_1,5
2020-01-07 06:15:00,2,2,,2_2,#N/A
2020-01-07 06:15:00,2,3,,2_3,#N/A
2020-01-07 06:15:00,3,1,29,3_1,29
2020-01-07 06:15:00,3,2,12,3_2,12
2020-01-07 06:15:00,3,3,5,3_3,5
2020-01-07 06:15:00,4,1,,4_1,#N/A
2020-01-07 06:15:00,4,2,12,4_2,12
2020-01-07 06:15:00,4,3,,4_3,#N/A
2020-01-07 06:30:00,1,1,,1_1,#N/A
2020-01-07 06:30:00,1,2,12,1_2,12
2020-01-07 06:30:00,1,3,,1_3,#N/A
2020-01-07 06:30:00,2,1,,2_1,#N/A
2020-01-07 06:30:00,2,2,12,2_2,12
2020-01-07 06:30:00,2,3,1,2_3,1
2020-01-07 06:30:00,3,1,,3_1,#N/A
2020-01-07 06:30:00,3,2,12,3_2,12
2020-01-07 06:30:00,3,3,,3_3,#N/A
2020-01-07 06:30:00,4,1,38,4_1,38
2020-01-07 06:30:00,4,2,12,4_2,12
2020-01-07 06:30:00,4,3,,4_3,#N/A
2020-01-07 06:45:00,1,1,38,1_1,38
2020-01-07 06:45:00,1,2,12,1_2,12
2020-01-07 06:45:00,1,3,73,1_3,73
2020-01-07 06:45:00,2,1,52,2_1,52
2020-01-07 06:45:00,2,2,12,2_2,12
2020-01-07 06:45:00,2,3,4,2_3,4
2020-01-07 06:45:00,3,1,,3_1,#N/A
2020-01-07 06:45:00,3,2,,3_2,#N/A
2020-01-07 06:45:00,3,3,,3_3,#N/A
2020-01-07 06:45:00,4,1,,4_1,#N/A
2020-01-07 06:45:00,4,2,12,4_2,12
2020-01-07 06:45:00,4,3,,4_3,#N/A
2020-01-07 07:00:00,1,1,13,1_1,13
2020-01-07 07:00:00,1,2,12,1_2,12
2020-01-07 07:00:00,1,3,,1_3,#N/A
2020-01-07 07:00:00,2,1,,2_1,#N/A
2020-01-07 07:00:00,2,2,12,2_2,12
2020-01-07 07:00:00,2,3,,2_3,#N/A
2020-01-07 07:00:00,3,1,,3_1,#N/A
2020-01-07 07:00:00,3,2,12,3_2,12
2020-01-07 07:00:00,3,3,10,3_3,10
2020-01-07 07:00:00,4,1,,4_1,#N/A
2020-01-07 07:00:00,4,2,12,4_2,12
2020-01-07 07:00:00,4,3,20,4_3,20
2020-01-07 07:15:00,1,1,,1_1,#N/A
2020-01-07 07:15:00,1,2,13,1_2,13
2020-01-07 07:15:00,1,3,,1_3,#N/A
2020-01-07 07:15:00,2,1,,2_1,#N/A
2020-01-07 07:15:00,2,2,13,2_2,13
2020-01-07 07:15:00,2,3,,2_3,#N/A
2020-01-07 07:15:00,3,1,,3_1,#N/A
2020-01-07 07:15:00,3,2,13,3_2,13
2020-01-07 07:15:00,3,3,67,3_3,67
2020-01-07 07:15:00,4,1,,4_1,#N/A
2020-01-07 07:15:00,4,2,13,4_2,13
2020-01-07 07:15:00,4,3,,4_3,#N/A
2020-01-07 07:30:00,1,1,,1_1,#N/A
2020-01-07 07:30:00,1,2,13,1_2,13
2020-01-07 07:30:00,1,3,,1_3,#N/A
2020-01-07 07:30:00,2,1,82,2_1,82
2020-01-07 07:30:00,2,2,13,2_2,13
2020-01-07 07:30:00,2,3,73,2_3,73
2020-01-07 07:30:00,3,1,,3_1,#N/A
2020-01-07 07:30:00,3,2,13,3_2,13
2020-01-07 07:30:00,3,3,38,3_3,38
2020-01-07 07:30:00,4,1,13,4_1,13
2020-01-07 07:30:00,4,2,,4_2,#N/A
2020-01-07 07:30:00,4,3,38,4_3,38
2020-01-07 07:45:00,1,1,5,1_1,5
2020-01-07 07:45:00,1,2,13,1_2,13
2020-01-07 07:45:00,1,3,25,1_3,25
2020-01-07 07:45:00,2,1,,2_1,#N/A
2020-01-07 07:45:00,2,2,13,2_2,13
2020-01-07 07:45:00,2,3,,2_3,#N/A
2020-01-07 07:45:00,3,1,,3_1,#N/A
2020-01-07 07:45:00,3,2,13,3_2,13
2020-01-07 07:45:00,3,3,,3_3,#N/A
2020-01-07 07:45:00,4,1,3,4_1,3
2020-01-07 07:45:00,4,2,13,4_2,13
2020-01-07 07:45:00,4,3,20,4_3,20
2020-01-07 08:00:00,1,1,,1_1,#N/A
2020-01-07 08:00:00,1,2,13,1_2,13
2020-01-07 08:00:00,1,3,,1_3,#N/A
2020-01-07 08:00:00,2,1,95,2_1,95
2020-01-07 08:00:00,2,2,13,2_2,13
2020-01-07 08:00:00,2,3,2,2_3,2
2020-01-07 08:00:00,3,1,,3_1,#N/A
2020-01-07 08:00:00,3,2,13,3_2,13
2020-01-07 08:00:00,3,3,,3_3,#N/A
2020-01-07 08:00:00,4,1,,4_1,#N/A
2020-01-07 08:00:00,4,2,13,4_2,13
2020-01-07 08:00:00,4,3,45,4_3,45
2020-01-07 08:15:00,1,1,2,1_1,2
2020-01-07 08:15:00,1,2,13,1_2,13
2020-01-07 08:15:00,1,3,76,1_3,76
2020-01-07 08:15:00,2,1,,2_1,#N/A
2020-01-07 08:15:00,2,2,13,2_2,13
2020-01-07 08:15:00,2,3,70,2_3,70
2020-01-07 08:15:00,3,1,31,3_1,31
2020-01-07 08:15:00,3,2,13,3_2,13
2020-01-07 08:15:00,3,3,,3_3,#N/A
2020-01-07 08:15:00,4,1,22,4_1,22
2020-01-07 08:15:00,4,2,13,4_2,13
2020-01-07 08:15:00,4,3,,4_3,#N/A
2020-01-07 08:30:00,1,1,,1_1,#N/A
2020-01-07 08:30:00,1,2,14,1_2,14
2020-01-07 08:30:00,1,3,,1_3,#N/A
2020-01-07 08:30:00,2,1,,2_1,#N/A
2020-01-07 08:30:00,2,2,14,2_2,14
2020-01-07 08:30:00,2,3,,2_3,#N/A
2020-01-07 08:30:00,3,1,76,3_1,76
2020-01-07 08:30:00,3,2,14,3_2,14
2020-01-07 08:30:00,3,3,92,3_3,92
2020-01-07 08:30:00,4,1,13,4_1,13
2020-01-07 08:30:00,4,2,14,4_2,14
2020-01-07 08:30:00,4,3,,4_3,#N/A
2020-01-07 08:45:00,1,1,67,1_1,67
2020-01-07 08:45:00,1,2,14,1_2,14
2020-01-07 08:45:00,1,3,,1_3,#N/A
2020-01-07 08:45:00,2,1,,2_1,#N/A
2020-01-07 08:45:00,2,2,,2_2,#N/A
2020-01-07 08:45:00,2,3,8,2_3,8
2020-01-07 08:45:00,3,1,92,3_1,92
2020-01-07 08:45:00,3,2,14,3_2,14
2020-01-07 08:45:00,3,3,,3_3,#N/A
2020-01-07 08:45:00,4,1,,4_1,#N/A
2020-01-07 08:45:00,4,2,14,4_2,14
2020-01-07 08:45:00,4,3,,4_3,#N/A
2020-01-07 09:00:00,1,1,,1_1,#N/A
2020-01-07 09:00:00,1,2,14,1_2,14
2020-01-07 09:00:00,1,3,,1_3,#N/A
2020-01-07 09:00:00,2,1,95,2_1,95
2020-01-07 09:00:00,2,2,14,2_2,14
2020-01-07 09:00:00,2,3,82,2_3,82
2020-01-07 09:00:00,3,1,,3_1,#N/A
2020-01-07 09:00:00,3,2,14,3_2,14
2020-01-07 09:00:00,3,3,,3_3,#N/A
2020-01-07 09:00:00,4,1,,4_1,#N/A
2020-01-07 09:00:00,4,2,14,4_2,14
2020-01-07 09:00:00,4,3,,4_3,#N/A
2020-01-07 09:15:00,1,1,,1_1,#N/A
2020-01-07 09:15:00,1,2,14,1_2,14
2020-01-07 09:15:00,1,3,88,1_3,88
2020-01-07 09:15:00,2,1,,2_1,#N/A
2020-01-07 09:15:00,2,2,14,2_2,14
2020-01-07 09:15:00,2,3,,2_3,#N/A
2020-01-07 09:15:00,3,1,62,3_1,62
2020-01-07 09:15:00,3,2,14,3_2,14
2020-01-07 09:15:00,3,3,54,3_3,54
2020-01-07 09:15:00,4,1,,4_1,#N/A
2020-01-07 09:15:00,4,2,14,4_2,14
2020-01-07 09:15:00,4,3,,4_3,#N/A
2020-01-07 09:30:00,1,1,70,1_1,70
2020-01-07 09:30:00,1,2,14,1_2,14
2020-01-07 09:30:00,1,3,,1_3,#N/A
2020-01-07 09:30:00,2,1,,2_1,#N/A
2020-01-07 09:30:00,2,2,14,2_2,14
2020-01-07 09:30:00,2,3,7,2_3,7
2020-01-07 09:30:00,3,1,,3_1,#N/A
2020-01-07 09:30:00,3,2,14,3_2,14
2020-01-07 09:30:00,3,3,27,3_3,27
2020-01-07 09:30:00,4,1,,4_1,#N/A
2020-01-07 09:30:00,4,2,14,4_2,14
2020-01-07 09:30:00,4,3,,4_3,#N/A
2020-01-07 09:45:00,1,1,,1_1,#N/A
2020-01-07 09:45:00,1,2,,1_2,#N/A
2020-01-07 09:45:00,1,3,13,1_3,13
2020-01-07 09:45:00,2,1,20,2_1,20
2020-01-07 09:45:00,2,2,16,2_2,16
2020-01-07 09:45:00,2,3,9,2_3,9
2020-01-07 09:45:00,3,1,57,3_1,57
2020-01-07 09:45:00,3,2,16,3_2,16
2020-01-07 09:45:00,3,3,,3_3,#N/A
2020-01-07 09:45:00,4,1,7,4_1,7
2020-01-07 09:45:00,4,2,16,4_2,16
2020-01-07 09:45:00,4,3,,4_3,#N/A
2020-01-07 10:00:00,1,1,,1_1,#N/A
2020-01-07 10:00:00,1,2,16,1_2,16
2020-01-07 10:00:00,1,3,19,1_3,19
2020-01-07 10:00:00,2,1,,2_1,#N/A
2020-01-07 10:00:00,2,2,16,2_2,16
2020-01-07 10:00:00,2,3,22,2_3,22
2020-01-07 10:00:00,3,1,43,3_1,43
2020-01-07 10:00:00,3,2,16,3_2,16
2020-01-07 10:00:00,3,3,45,3_3,45
2020-01-07 10:00:00,4,1,73,4_1,73
2020-01-07 10:00:00,4,2,16,4_2,16
2020-01-07 10:00:00,4,3,,4_3,#N/A
2020-01-07 10:15:00,1,1,45,1_1,45
2020-01-07 10:15:00,1,2,,1_2,#N/A
2020-01-07 10:15:00,1,3,,1_3,#N/A
2020-01-07 10:15:00,2,1,13,2_1,13
2020-01-07 10:15:00,2,2,16,2_2,16
2020-01-07 10:15:00,2,3,,2_3,#N/A
2020-01-07 10:15:00,3,1,24,3_1,24
2020-01-07 10:15:00,3,2,16,3_2,16
2020-01-07 10:15:00,3,3,54,3_3,54
2020-01-07 10:15:00,4,1,70,4_1,70
2020-01-07 10:15:00,4,2,16,4_2,16
2020-01-07 10:15:00,4,3,3,4_3,3
2020-01-07 10:30:00,1,1,,1_1,#N/A
2020-01-07 10:30:00,1,2,16,1_2,16
2020-01-07 10:30:00,1,3,,1_3,#N/A
2020-01-07 10:30:00,2,1,,2_1,#N/A
2020-01-07 10:30:00,2,2,16,2_2,16
2020-01-07 10:30:00,2,3,,2_3,#N/A
2020-01-07 10:30:00,3,1,,3_1,#N/A
2020-01-07 10:30:00,3,2,16,3_2,16
2020-01-07 10:30:00,3,3,88,3_3,88
2020-01-07 10:30:00,4,1,,4_1,#N/A
2020-01-07 10:30:00,4,2,16,4_2,16
2020-01-07 10:30:00,4,3,,4_3,#N/A
2020-01-07 10:45:00,1,1,,1_1,#N/A
2020-01-07 10:45:00,1,2,16,1_2,16
2020-01-07 10:45:00,1,3,,1_3,#N/A
2020-01-07 10:45:00,2,1,,2_1,#N/A
2020-01-07 10:45:00,2,2,16,2_2,16
2020-01-07 10:45:00,2,3,36,2_3,36
2020-01-07 10:45:00,3,1,54,3_1,54
2020-01-07 10:45:00,3,2,,3_2,#N/A
2020-01-07 10:45:00,3,3,52,3_3,52
2020-01-07 10:45:00,4,1,22,4_1,22
2020-01-07 10:45:00,4,2,16,4_2,16
2020-01-07 10:45:00,4,3,36,4_3,36
2020-01-07 11:00:00,1,1,,1_1,#N/A
2020-01-07 11:00:00,1,2,,1_2,#N/A
2020-01-07 11:00:00,1,3,,1_3,#N/A
2020-01-07 11:00:00,2,1,20,2_1,20
2020-01-07 11:00:00,2,2,17,2_2,17
2020-01-07 11:00:00,2,3,,2_3,#N/A
2020-01-07 11:00:00,3,1,,3_1,#N/A
2020-01-07 11:00:00,3,2,,3_2,#N/A
2020-01-07 11:00:00,3,3,,3_3,#N/A
2020-01-07 11:00:00,4,1,27,4_1,27
2020-01-07 11:00:00,4,2,17,4_2,17
2020-01-07 11:00:00,4,3,,4_3,#N/A
2020-01-07 11:15:00,1,1,43,1_1,43
2020-01-07 11:15:00,1,2,17,1_2,17
2020-01-07 11:15:00,1,3,38,1_3,38
2020-01-07 11:15:00,2,1,5,2_1,5
2020-01-07 11:15:00,2,2,17,2_2,17
2020-01-07 11:15:00,2,3,,2_3,#N/A
2020-01-07 11:15:00,3,1,,3_1,#N/A
2020-01-07 11:15:00,3,2,17,3_2,17
2020-01-07 11:15:00,3,3,2,3_3,2
2020-01-07 11:15:00,4,1,,4_1,#N/A
2020-01-07 11:15:00,4,2,,4_2,#N/A
2020-01-07 11:15:00,4,3,22,4_3,22
2020-01-07 11:30:00,1,1,,1_1,#N/A
2020-01-07 11:30:00,1,2,17,1_2,17
2020-01-07 11:30:00,1,3,29,1_3,29
2020-01-07 11:30:00,2,1,,2_1,#N/A
2020-01-07 11:30:00,2,2,17,2_2,17
2020-01-07 11:30:00,2,3,,2_3,#N/A
2020-01-07 11:30:00,3,1,95,3_1,95
2020-01-07 11:30:00,3,2,17,3_2,17
2020-01-07 11:30:00,3,3,,3_3,#N/A
2020-01-07 11:30:00,4,1,,4_1,#N/A
2020-01-07 11:30:00,4,2,17,4_2,17
2020-01-07 11:30:00,4,3,4,4_3,4
2020-01-07 11:45:00,1,1,,1_1,#N/A
2020-01-07 11:45:00,1,2,17,1_2,17
2020-01-07 11:45:00,1,3,16,1_3,16
2020-01-07 11:45:00,2,1,52,2_1,52
2020-01-07 11:45:00,2,2,17,2_2,17
2020-01-07 11:45:00,2,3,,2_3,#N/A
2020-01-07 11:45:00,3,1,,3_1,#N/A
2020-01-07 11:45:00,3,2,17,3_2,17
2020-01-07 11:45:00,3,3,62,3_3,62
2020-01-07 11:45:00,4,1,5,4_1,5
2020-01-07 11:45:00,4,2,17,4_2,17
2020-01-07 11:45:00,4,3,20,4_3,20
2020-01-07 12:00:00,1,1,22,1_1,22
2020-01-07 12:00:00,1,2,17,1_2,17
2020-01-07 12:00:00,1,3,,1_3,#N/A
2020-01-07 12:00:00,2,1,,2_1,#N/A
2020-01-07 12:00:00,2,2,17,2_2,17
2020-01-07 12:00:00,2,3,14,2_3,14
2020-01-07 12:00:00,3,1,,3_1,#N/A
2020-01-07 12:00:00,3,2,,3_2,#N/A
2020-01-07 12:00:00,3,3,19,3_3,19
2020-01-07 12:00:00,4,1,,4_1,#N/A
2020-01-07 12:00:00,4,2,17,4_2,17
2020-01-07 12:00:00,4,3,,4_3,#N/A
2020-01-07 12:15:00,1,1,,1_1,#N/A
2020-01-07 12:15:00,1,2,19,1_2,19
2020-01-07 12:15:00,1,3,99,1_3,99
2020-01-07 12:15:00,2,1,19,2_1,19
2020-01-07 12:15:00,2,2,19,2_2,19
2020-01-07 12:15:00,2,3,,2_3,#N/A
2020-01-07 12:15:00,3,1,31,3_1,31
2020-01-07 12:15:00,3,2,19,3_2,19
2020-01-07 12:15:00,3,3,,3_3,#N/A
2020-01-07 12:15:00,4,1,57,4_1,57
2020-01-07 12:15:00,4,2,19,4_2,19
2020-01-07 12:15:00,4,3,2,4_3,2
2020-01-07 12:30:00,1,1,10,1_1,10
2020-01-07 12:30:00,1,2,19,1_2,19
2020-01-07 12:30:00,1,3,,1_3,#N/A
2020-01-07 12:30:00,2,1,47,2_1,47
2020-01-07 12:30:00,2,2,,2_2,#N/A
2020-01-07 12:30:00,2,3,,2_3,#N/A
2020-01-07 12:30:00,3,1,19,3_1,19
2020-01-07 12:30:00,3,2,19,3_2,19
2020-01-07 12:30:00,3,3,,3_3,#N/A
2020-01-07 12:30:00,4,1,3,4_1,3
2020-01-07 12:30:00,4,2,19,4_2,19
2020-01-07 12:30:00,4,3,,4_3,#N/A
2020-01-07 12:45:00,1,1,,1_1,#N/A
2020-01-07 12:45:00,1,2,19,1_2,19
2020-01-07 12:45:00,1,3,29,1_3,29
2020-01-07 12:45:00,2,1,,2_1,#N/A
2020-01-07 12:45:00,2,2,19,2_2,19
2020-01-07 12:45:00,2,3,,2_3,#N/A
2020-01-07 12:45:00,3,1,25,3_1,25
2020-01-07 12:45:00,3,2,19,3_2,19
2020-01-07 12:45:00,3,3,85,3_3,85
2020-01-07 12:45:00,4,1,62,4_1,62
2020-01-07 12:45:00,4,2,19,4_2,19
2020-01-07 12:45:00,4,3,,4_3,#N/A
2020-01-07 13:00:00,1,1,,1_1,#N/A
2020-01-07 13:00:00,1,2,19,1_2,19
2020-01-07 13:00:00,1,3,,1_3,#N/A
2020-01-07 13:00:00,2,1,25,2_1,25
2020-01-07 13:00:00,2,2,19,2_2,19
2020-01-07 13:00:00,2,3,4,2_3,4
2020-01-07 13:00:00,3,1,,3_1,#N/A
2020-01-07 13:00:00,3,2,19,3_2,19
2020-01-07 13:00:00,3,3,19,3_3,19
2020-01-07 13:00:00,4,1,27,4_1,27
2020-01-07 13:00:00,4,2,19,4_2,19
2020-01-07 13:00:00,4,3,,4_3,#N/A
2020-01-07 13:15:00,1,1,,1_1,#N/A
2020-01-07 13:15:00,1,2,19,1_2,19
2020-01-07 13:15:00,1,3,13,1_3,13
2020-01-07 13:15:00,2,1,36,2_1,36
2020-01-07 13:15:00,2,2,19,2_2,19
2020-01-07 13:15:00,2,3,,2_3,#N/A
2020-01-07 13:15:00,3,1,22,3_1,22
2020-01-07 13:15:00,3,2,19,3_2,19
2020-01-07 13:15:00,3,3,,3_3,#N/A
2020-01-07 13:15:00,4,1,8,4_1,8
2020-01-07 13:15:00,4,2,19,4_2,19
2020-01-07 13:15:00,4,3,14,4_3,14
2020-01-07 13:30:00,1,1,,1_1,#N/A
2020-01-07 13:30:00,1,2,20,1_2,20
2020-01-07 13:30:00,1,3,,1_3,#N/A
2020-01-07 13:30:00,2,1,,2_1,#N/A
2020-01-07 13:30:00,2,2,20,2_2,20
2020-01-07 13:30:00,2,3,,2_3,#N/A
2020-01-07 13:30:00,3,1,,3_1,#N/A
2020-01-07 13:30:00,3,2,20,3_2,20
2020-01-07 13:30:00,3,3,,3_3,#N/A
2020-01-07 13:30:00,4,1,0,4_1,0
2020-01-07 13:30:00,4,2,,4_2,#N/A
2020-01-07 13:30:00,4,3,,4_3,#N/A
2020-01-07 13:45:00,1,1,92,1_1,92
2020-01-07 13:45:00,1,2,20,1_2,20
2020-01-07 13:45:00,1,3,10,1_3,10
2020-01-07 13:45:00,2,1,,2_1,#N/A
2020-01-07 13:45:00,2,2,20,2_2,20
2020-01-07 13:45:00,2,3,,2_3,#N/A
2020-01-07 13:45:00,3,1,,3_1,#N/A
2020-01-07 13:45:00,3,2,20,3_2,20
2020-01-07 13:45:00,3,3,,3_3,#N/A
2020-01-07 13:45:00,4,1,95,4_1,95
2020-01-07 13:45:00,4,2,20,4_2,20
2020-01-07 13:45:00,4,3,,4_3,#N/A
2020-01-07 14:00:00,1,1,,1_1,#N/A
2020-01-07 14:00:00,1,2,20,1_2,20
2020-01-07 14:00:00,1,3,,1_3,#N/A
2020-01-07 14:00:00,2,1,,2_1,#N/A
2020-01-07 14:00:00,2,2,20,2_2,20
2020-01-07 14:00:00,2,3,,2_3,#N/A
2020-01-07 14:00:00,3,1,73,3_1,73
2020-01-07 14:00:00,3,2,20,3_2,20
2020-01-07 14:00:00,3,3,76,3_3,76
2020-01-07 14:00:00,4,1,32,4_1,32
2020-01-07 14:00:00,4,2,20,4_2,20
2020-01-07 14:00:00,4,3,,4_3,#N/A
2020-01-07 14:15:00,1,1,36,1_1,36
2020-01-07 14:15:00,1,2,20,1_2,20
2020-01-07 14:15:00,1,3,,1_3,#N/A
2020-01-07 14:15:00,2,1,,2_1,#N/A
2020-01-07 14:15:00,2,2,20,2_2,20
2020-01-07 14:15:00,2,3,,2_3,#N/A
2020-01-07 14:15:00,3,1,,3_1,#N/A
2020-01-07 14:15:00,3,2,20,3_2,20
2020-01-07 14:15:00,3,3,,3_3,#N/A
2020-01-07 14:15:00,4,1,85,4_1,85
2020-01-07 14:15:00,4,2,20,4_2,20
2020-01-07 14:15:00,4,3,,4_3,#N/A
2020-01-07 14:30:00,1,1,,1_1,#N/A
2020-01-07 14:30:00,1,2,20,1_2,20
2020-01-07 14:30:00,1,3,,1_3,#N/A
2020-01-07 14:30:00,2,1,95,2_1,95
2020-01-07 14:30:00,2,2,20,2_2,20
2020-01-07 14:30:00,2,3,8,2_3,8
2020-01-07 14:30:00,3,1,,3_1,#N/A
2020-01-07 14:30:00,3,2,20,3_2,20
2020-01-07 14:30:00,3,3,24,3_3,24
2020-01-07 14:30:00,4,1,,4_1,#N/A
2020-01-07 14:30:00,4,2,,4_2,#N/A
2020-01-07 14:30:00,4,3,7,4_3,7
2020-01-07 14:45:00,1,1,4,1_1,4
2020-01-07 14:45:00,1,2,22,1_2,22
2020-01-07 14:45:00,1,3,,1_3,#N/A
2020-01-07 14:45:00,2,1,,2_1,#N/A
2020-01-07 14:45:00,2,2,22,2_2,22
2020-01-07 14:45:00,2,3,,2_3,#N/A
2020-01-07 14:45:00,3,1,36,3_1,36
2020-01-07 14:45:00,3,2,22,3_2,22
2020-01-07 14:45:00,3,3,,3_3,#N/A
2020-01-07 14:45:00,4,1,99,4_1,99
2020-01-07 14:45:00,4,2,22,4_2,22
2020-01-07 14:45:00,4,3,,4_3,#N/A
2020-01-07 15:00:00,1,1,,1_1,#N/A
2020-01-07 15:00:00,1,2,22,1_2,22
2020-01-07 15:00:00,1,3,,1_3,#N/A
2020-01-07 15:00:00,2,1,,2_1,#N/A
2020-01-07 15:00:00,2,2,,2_2,#N/A
2020-01-07 15:00:00,2,3,,2_3,#N/A
2020-01-07 15:00:00,3,1,3,3_1,3
2020-01-07 15:00:00,3,2,,3_2,#N/A
2020-01-07 15:00:00,3,3,43,3_3,43
2020-01-07 15:00:00,4,1,,4_1,#N/A
2020-01-07 15:00:00,4,2,22,4_2,22
2020-01-07 15:00:00,4,3,,4_3,#N/A
2020-01-07 15:15:00,1,1,62,1_1,62
2020-01-07 15:15:00,1,2,22,1_2,22
2020-01-07 15:15:00,1,3,,1_3,#N/A
2020-01-07 15:15:00,2,1,12,2_1,12
2020-01-07 15:15:00,2,2,22,2_2,22
2020-01-07 15:15:00,2,3,,2_3,#N/A
2020-01-07 15:15:00,3,1,,3_1,#N/A
2020-01-07 15:15:00,3,2,22,3_2,22
2020-01-07 15:15:00,3,3,,3_3,#N/A
2020-01-07 15:15:00,4,1,,4_1,#N/A
2020-01-07 15:15:00,4,2,,4_2,#N/A
2020-01-07 15:15:00,4,3,25,4_3,25
2020-01-07 15:30:00,1,1,54,1_1,54
2020-01-07 15:30:00,1,2,22,1_2,22
2020-01-07 15:30:00,1,3,17,1_3,17
2020-01-07 15:30:00,2,1,,2_1,#N/A
2020-01-07 15:30:00,2,2,22,2_2,22
2020-01-07 15:30:00,2,3,85,2_3,85
2020-01-07 15:30:00,3,1,,3_1,#N/A
2020-01-07 15:30:00,3,2,22,3_2,22
2020-01-07 15:30:00,3,3,,3_3,#N/A
2020-01-07 15:30:00,4,1,88,4_1,88
2020-01-07 15:30:00,4,2,22,4_2,22
2020-01-07 15:30:00,4,3,,4_3,#N/A
2020-01-07 15:45:00,1,1,,1_1,#N/A
2020-01-07 15:45:00,1,2,22,1_2,22
2020-01-07 15:45:00,1,3,47,1_3,47
2020-01-07 15:45:00,2,1,,2_1,#N/A
2020-01-07 15:45:00,2,2,22,2_2,22
2020-01-07 15:45:00,2,3,,2_3,#N/A
2020-01-07 15:45:00,3,1,20,3_1,20
2020-01-07 15:45:00,3,2,,3_2,#N/A
2020-01-07 15:45:00,3,3,24,3_3,24
2020-01-07 15:45:00,4,1,34,4_1,34
2020-01-07 15:45:00,4,2,22,4_2,22
2020-01-07 15:45:00,4,3,40,4_3,40
2020-01-07 16:00:00,1,1,,1_1,#N/A
2020-01-07 16:00:00,1,2,24,1_2,24
2020-01-07 16:00:00,1,3,16,1_3,16
2020-01-07 16:00:00,2,1,19,2_1,19
2020-01-07 16:00:00,2,2,24,2_2,24
2020-01-07 16:00:00,2,3,,2_3,#N/A
2020-01-07 16:00:00,3,1,,3_1,#N/A
2020-01-07 16:00:00,3,2,,3_2,#N/A
2020-01-07 16:00:00,3,3,32,3_3,32
2020-01-07 16:00:00,4,1,,4_1,#N/A
2020-01-07 16:00:00,4,2,24,4_2,24
2020-01-07 16:00:00,4,3,10,4_3,10
2020-01-07 16:15:00,1,1,,1_1,#N/A
2020-01-07 16:15:00,1,2,24,1_2,24
2020-01-07 16:15:00,1,3,,1_3,#N/A
2020-01-07 16:15:00,2,1,,2_1,#N/A
2020-01-07 16:15:00,2,2,24,2_2,24
2020-01-07 16:15:00,2,3,,2_3,#N/A
2020-01-07 16:15:00,3,1,,3_1,#N/A
2020-01-07 16:15:00,3,2,24,3_2,24
2020-01-07 16:15:00,3,3,,3_3,#N/A
2020-01-07 16:15:00,4,1,8,4_1,8
2020-01-07 16:15:00,4,2,24,4_2,24
2020-01-07 16:15:00,4,3,,4_3,#N/A
2020-01-07 16:30:00,1,1,4,1_1,4
2020-01-07 16:30:00,1,2,24,1_2,24
2020-01-07 16:30:00,1,3,,1_3,#N/A
2020-01-07 16:30:00,2,1,36,2_1,36
2020-01-07 16:30:00,2,2,24,2_2,24
2020-01-07 16:30:00,2,3,,2_3,#N/A
2020-01-07 16:30:00,3,1,,3_1,#N/A
2020-01-07 16:30:00,3,2,24,3_2,24
2020-01-07 16:30:00,3,3,,3_3,#N/A
2020-01-07 16:30:00,4,1,,4_1,#N/A
2020-01-07 16:30:00,4,2,24,4_2,24
2020-01-07 16:30:00,4,3,32,4_3,32
2020-01-07 16:45:00,1,1,99,1_1,99
2020-01-07 16:45:00,1,2,24,1_2,24
2020-01-07 16:45:00,1,3,31,1_3,31
2020-01-07 16:45:00,2,1,10,2_1,10
2020-01-07 16:45:00,2,2,24,2_2,24
2020-01-07 16:45:00,2,3,,2_3,#N/A
2020-01-07 16:45:00,3,1,,3_1,#N/A
2020-01-07 16:45:00,3,2,24,3_2,24
2020-01-07 16:45:00,3,3,,3_3,#N/A
2020-01-07 16:45:00,4,1,54,4_1,54
2020-01-07 16:45:00,4,2,24,4_2,24
2020-01-07 16:45:00,4,3,,4_3,#N/A
2020-01-07 17:00:00,1,1,,1_1,#N/A
2020-01-07 17:00:00,1,2,24,1_2,24
2020-01-07 17:00:00,1,3,,1_3,#N/A
2020-01-07 17:00:00,2,1,,2_1,#N/A
2020-01-07 17:00:00,2,2,24,2_2,24
2020-01-07 17:00:00,2,3,59,2_3,59
2020-01-07 17:00:00,3,1,,3_1,#N/A
2020-01-07 17:00:00,3,2,,3_2,#N/A
2020-01-07 17:00:00,3,3,17,3_3,17
2020-01-07 17:00:00,4,1,,4_1,#N/A
2020-01-07 17:00:00,4,2,,4_2,#N/A
2020-01-07 17:00:00,4,3,,4_3,#N/A
2020-01-07 17:15:00,1,1,76,1_1,76
2020-01-07 17:15:00,1,2,,1_2,#N/A
2020-01-07 17:15:00,1,3,,1_3,#N/A
2020-01-07 17:15:00,2,1,4,2_1,4
2020-01-07 17:15:00,2,2,25,2_2,25
2020-01-07 17:15:00,2,3,34,2_3,34
2020-01-07 17:15:00,3,1,,3_1,#N/A
2020-01-07 17:15:00,3,2,25,3_2,25
2020-01-07 17:15:00,3,3,,3_3,#N/A
2020-01-07 17:15:00,4,1,76,4_1,76
2020-01-07 17:15:00,4,2,25,4_2,25
2020-01-07 17:15:00,4,3,76,4_3,76
2020-01-07 17:30:00,1,1,,1_1,#N/A
2020-01-07 17:30:00,1,2,25,1_2,25
2020-01-07 17:30:00,1,3,,1_3,#N/A
2020-01-07 17:30:00,2,1,,2_1,#N/A
2020-01-07 17:30:00,2,2,25,2_2,25
2020-01-07 17:30:00,2,3,,2_3,#N/A
2020-01-07 17:30:00,3,1,24,3_1,24
2020-01-07 17:30:00,3,2,25,3_2,25
2020-01-07 17:30:00,3,3,,3_3,#N/A
2020-01-07 17:30:00,4,1,,4_1,#N/A
2020-01-07 17:30:00,4,2,25,4_2,25
2020-01-07 17:30:00,4,3,,4_3,#N/A
2020-01-07 17:45:00,1,1,24,1_1,24
2020-01-07 17:45:00,1,2,25,1_2,25
2020-01-07 17:45:00,1,3,,1_3,#N/A
2020-01-07 17:45:00,2,1,38,2_1,38
2020-01-07 17:45:00,2,2,25,2_2,25
2020-01-07 17:45:00,2,3,3,2_3,3
2020-01-07 17:45:00,3,1,,3_1,#N/A
2020-01-07 17:45:00,3,2,25,3_2,25
2020-01-07 17:45:00,3,3,,3_3,#N/A
2020-01-07 17:45:00,4,1,32,4_1,32
2020-01-07 17:45:00,4,2,25,4_2,25
2020-01-07 17:45:00,4,3,52,4_3,52
2020-01-07 18:00:00,1,1,,1_1,#N/A
2020-01-07 18:00:00,1,2,25,1_2,25
2020-01-07 18:00:00,1,3,,1_3,#N/A
2020-01-07 18:00:00,2,1,,2_1,#N/A
2020-01-07 18:00:00,2,2,25,2_2,25
2020-01-07 18:00:00,2,3,,2_3,#N/A
2020-01-07 18:00:00,3,1,,3_1,#N/A
2020-01-07 18:00:00,3,2,25,3_2,25
2020-01-07 18:00:00,3,3,40,3_3,40
2020-01-07 18:00:00,4,1,,4_1,#N/A
2020-01-07 18:00:00,4,2,25,4_2,25
2020-01-07 18:00:00,4,3,16,4_3,16
2020-01-07 18:15:00,1,1,73,1_1,73
2020-01-07 18:15:00,1,2,,1_2,#N/A
2020-01-07 18:15:00,1,3,,1_3,#N/A
2020-01-07 18:15:00,2,1,8,2_1,8
2020-01-07 18:15:00,2,2,25,2_2,25
2020-01-07 18:15:00,2,3,,2_3,#N/A
2020-01-07 18:15:00,3,1,82,3_1,82
2020-01-07 18:15:00,3,2,25,3_2,25
2020-01-07 18:15:00,3,3,,3_3,#N/A
2020-01-07 18:15:00,4,1,16,4_1,16
2020-01-07 18:15:00,4,2,25,4_2,25
2020-01-07 18:15:00,4,3,,4_3,#N/A
2020-01-07 18:30:00,1,1,38,1_1,38
2020-01-07 18:30:00,1,2,27,1_2,27
2020-01-07 18:30:00,1,3,,1_3,#N/A
2020-01-07 18:30:00,2,1,7,2_1,7
2020-01-07 18:30:00,2,2,27,2_2,27
2020-01-07 18:30:00,2,3,,2_3,#N/A
2020-01-07 18:30:00,3,1,,3_1,#N/A
2020-01-07 18:30:00,3,2,27,3_2,27
2020-01-07 18:30:00,3,3,,3_3,#N/A
2020-01-07 18:30:00,4,1,99,4_1,99
2020-01-07 18:30:00,4,2,27,4_2,27
2020-01-07 18:30:00,4,3,,4_3,#N/A
2020-01-07 18:45:00,1,1,,1_1,#N/A
2020-01-07 18:45:00,1,2,27,1_2,27
2020-01-07 18:45:00,1,3,,1_3,#N/A
2020-01-07 18:45:00,2,1,7,2_1,7
2020-01-07 18:45:00,2,2,27,2_2,27
2020-01-07 18:45:00,2,3,57,2_3,57
2020-01-07 18:45:00,3,1,64,3_1,64
2020-01-07 18:45:00,3,2,27,3_2,27
2020-01-07 18:45:00,3,3,,3_3,#N/A
2020-01-07 18:45:00,4,1,31,4_1,31
2020-01-07 18:45:00,4,2,27,4_2,27
2020-01-07 18:45:00,4,3,,4_3,#N/A
2020-01-07 19:00:00,1,1,10,1_1,10
2020-01-07 19:00:00,1,2,27,1_2,27
2020-01-07 19:00:00,1,3,40,1_3,40
2020-01-07 19:00:00,2,1,82,2_1,82
2020-01-07 19:00:00,2,2,27,2_2,27
2020-01-07 19:00:00,2,3,54,2_3,54
2020-01-07 19:00:00,3,1,5,3_1,5
2020-01-07 19:00:00,3,2,27,3_2,27
2020-01-07 19:00:00,3,3,34,3_3,34
2020-01-07 19:00:00,4,1,,4_1,#N/A
2020-01-07 19:00:00,4,2,27,4_2,27
2020-01-07 19:00:00,4,3,,4_3,#N/A
2020-01-07 19:15:00,1,1,8,1_1,8
2020-01-07 19:15:00,1,2,27,1_2,27
2020-01-07 19:15:00,1,3,,1_3,#N/A
2020-01-07 19:15:00,2,1,,2_1,#N/A
2020-01-07 19:15:00,2,2,27,2_2,27
2020-01-07 19:15:00,2,3,,2_3,#N/A
2020-01-07 19:15:00,3,1,,3_1,#N/A
2020-01-07 19:15:00,3,2,27,3_2,27
2020-01-07 19:15:00,3,3,92,3_3,92
2020-01-07 19:15:00,4,1,43,4_1,43
2020-01-07 19:15:00,4,2,27,4_2,27
2020-01-07 19:15:00,4,3,,4_3,#N/A
2020-01-07 19:30:00,1,1,20,1_1,20
2020-01-07 19:30:00,1,2,27,1_2,27
2020-01-07 19:30:00,1,3,19,1_3,19
2020-01-07 19:30:00,2,1,,2_1,#N/A
2020-01-07 19:30:00,2,2,27,2_2,27
2020-01-07 19:30:00,2,3,7,2_3,7
2020-01-07 19:30:00,3,1,,3_1,#N/A
2020-01-07 19:30:00,3,2,27,3_2,27
2020-01-07 19:30:00,3,3,,3_3,#N/A
2020-01-07 19:30:00,4,1,3,4_1,3
2020-01-07 19:30:00,4,2,27,4_2,27
2020-01-07 19:30:00,4,3,,4_3,#N/A
2020-01-07 19:45:00,1,1,45,1_1,45
2020-01-07 19:45:00,1,2,29,1_2,29
2020-01-07 19:45:00,1,3,,1_3,#N/A
2020-01-07 19:45:00,2,1,,2_1,#N/A
2020-01-07 19:45:00,2,2,29,2_2,29
2020-01-07 19:45:00,2,3,49,2_3,49
2020-01-07 19:45:00,3,1,20,3_1,20
2020-01-07 19:45:00,3,2,29,3_2,29
2020-01-07 19:45:00,3,3,,3_3,#N/A
2020-01-07 19:45:00,4,1,,4_1,#N/A
2020-01-07 19:45:00,4,2,29,4_2,29
2020-01-07 19:45:00,4,3,,4_3,#N/A
2020-01-07 20:00:00,1,1,,1_1,#N/A
2020-01-07 20:00:00,1,2,29,1_2,29
2020-01-07 20:00:00,1,3,,1_3,#N/A
2020-01-07 20:00:00,2,1,,2_1,#N/A
2020-01-07 20:00:00,2,2,29,2_2,29
2020-01-07 20:00:00,2,3,,2_3,#N/A
2020-01-07 20:00:00,3,1,,3_1,#N/A
2020-01-07 20:00:00,3,2,29,3_2,29
2020-01-07 20:00:00,3,3,1,3_3,1
2020-01-07 20:00:00,4,1,,4_1,#N/A
2020-01-07 20:00:00,4,2,29,4_2,29
2020-01-07 20:00:00,4,3,7,4_3,7
2020-01-07 20:15:00,1,1,99,1_1,99
2020-01-07 20:15:00,1,2,,1_2,#N/A
2020-01-07 20:15:00,1,3,,1_3,#N/A
2020-01-07 20:15:00,2,1,12,2_1,12
2020-01-07 20:15:00,2,2,29,2_2,29
2020-01-07 20:15:00,2,3,54,2_3,54
2020-01-07 20:15:00,3,1,45,3_1,45
2020-01-07 20:15:00,3,2,29,3_2,29
2020-01-07 20:15:00,3,3,54,3_3,54
2020-01-07 20:15:00,4,1,,4_1,#N/A
2020-01-07 20:15:00,4,2,29,4_2,29
2020-01-07 20:15:00,4,3,,4_3,#N/A
2020-01-07 20:30:00,1,1,,1_1,#N/A
2020-01-07 20:30:00,1,2,29,1_2,29
2020-01-07 20:30:00,1,3,,1_3,#N/A
2020-01-07 20:30:00,2,1,24,2_1,24
2020-01-07 20:30:00,2,2,29,2_2,29
2020-01-07 20:30:00,2,3,,2_3,#N/A
2020-01-07 20:30:00,3,1,,3_1,#N/A
2020-01-07 20:30:00,3,2,,3_2,#N/A
2020-01-07 20:30:00,3,3,34,3_3,34
2020-01-07 20:30:00,4,1,29,4_1,29
2020-01-07 20:30:00,4,2,29,4_2,29
2020-01-07 20:30:00,4,3,57,4_3,57
2020-01-07 20:45:00,1,1,,1_1,#N/A
2020-01-07 20:45:00,1,2,29,1_2,29
2020-01-07 20:45:00,1,3,49,1_3,49
2020-01-07 20:45:00,2,1,,2_1,#N/A
2020-01-07 20:45:00,2,2,,2_2,#N/A
2020-01-07 20:45:00,2,3,40,2_3,40
2020-01-07 20:45:00,3,1,59,3_1,59
2020-01-07 20:45:00,3,2,29,3_2,29
2020-01-07 20:45:00,3,3,14,3_3,14
2020-01-07 20:45:00,4,1,47,4_1,47
2020-01-07 20:45:00,4,2,29,4_2,29
2020-01-07 20:45:00,4,3,,4_3,#N/A
2020-01-07 21:00:00,1,1,2,1_1,2
2020-01-07 21:00:00,1,2,31,1_2,31
2020-01-07 21:00:00,1,3,,1_3,#N/A
2020-01-07 21:00:00,2,1,,2_1,#N/A
2020-01-07 21:00:00,2,2,31,2_2,31
2020-01-07 21:00:00,2,3,7,2_3,7
2020-01-07 21:00:00,3,1,,3_1,#N/A
2020-01-07 21:00:00,3,2,31,3_2,31
2020-01-07 21:00:00,3,3,,3_3,#N/A
2020-01-07 21:00:00,4,1,,4_1,#N/A
2020-01-07 21:00:00,4,2,31,4_2,31
2020-01-07 21:00:00,4,3,,4_3,#N/A
2020-01-07 21:15:00,1,1,,1_1,#N/A
2020-01-07 21:15:00,1,2,31,1_2,31
2020-01-07 21:15:00,1,3,,1_3,#N/A
2020-01-07 21:15:00,2,1,,2_1,#N/A
2020-01-07 21:15:00,2,2,31,2_2,31
2020-01-07 21:15:00,2,3,,2_3,#N/A
2020-01-07 21:15:00,3,1,73,3_1,73
2020-01-07 21:15:00,3,2,31,3_2,31
2020-01-07 21:15:00,3,3,45,3_3,45
2020-01-07 21:15:00,4,1,,4_1,#N/A
2020-01-07 21:15:00,4,2,31,4_2,31
2020-01-07 21:15:00,4,3,,4_3,#N/A
2020-01-07 21:30:00,1,1,,1_1,#N/A
2020-01-07 21:30:00,1,2,31,1_2,31
2020-01-07 21:30:00,1,3,20,1_3,20
2020-01-07 21:30:00,2,1,,2_1,#N/A
2020-01-07 21:30:00,2,2,31,2_2,31
2020-01-07 21:30:00,2,3,,2_3,#N/A
2020-01-07 21:30:00,3,1,,3_1,#N/A
2020-01-07 21:30:00,3,2,31,3_2,31
2020-01-07 21:30:00,3,3,45,3_3,45
2020-01-07 21:30:00,4,1,73,4_1,73
2020-01-07 21:30:00,4,2,31,4_2,31
2020-01-07 21:30:00,4,3,38,4_3,38
2020-01-07 21:45:00,1,1,24,1_1,24
2020-01-07 21:45:00,1,2,31,1_2,31
2020-01-07 21:45:00,1,3,,1_3,#N/A
2020-01-07 21:45:00,2,1,31,2_1,31
2020-01-07 21:45:00,2,2,31,2_2,31
2020-01-07 21:45:00,2,3,,2_3,#N/A
2020-01-07 21:45:00,3,1,64,3_1,64
2020-01-07 21:45:00,3,2,31,3_2,31
2020-01-07 21:45:00,3,3,,3_3,#N/A
2020-01-07 21:45:00,4,1,54,4_1,54
2020-01-07 21:45:00,4,2,31,4_2,31
2020-01-07 21:45:00,4,3,99,4_3,99
2020-01-07 22:00:00,1,1,73,1_1,73
2020-01-07 22:00:00,1,2,31,1_2,31
2020-01-07 22:00:00,1,3,,1_3,#N/A
2020-01-07 22:00:00,2,1,,2_1,#N/A
2020-01-07 22:00:00,2,2,31,2_2,31
2020-01-07 22:00:00,2,3,,2_3,#N/A
2020-01-07 22:00:00,3,1,,3_1,#N/A
2020-01-07 22:00:00,3,2,31,3_2,31
2020-01-07 22:00:00,3,3,2,3_3,2
2020-01-07 22:00:00,4,1,,4_1,#N/A
2020-01-07 22:00:00,4,2,31,4_2,31
2020-01-07 22:00:00,4,3,,4_3,#N/A
2020-01-07 22:15:00,1,1,,1_1,#N/A
2020-01-07 22:15:00,1,2,,1_2,#N/A
2020-01-07 22:15:00,1,3,67,1_3,67
2020-01-07 22:15:00,2,1,,2_1,#N/A
2020-01-07 22:15:00,2,2,32,2_2,32
2020-01-07 22:15:00,2,3,47,2_3,47
2020-01-07 22:15:00,3,1,,3_1,#N/A
2020-01-07 22:15:00,3,2,32,3_2,32
2020-01-07 22:15:00,3,3,,3_3,#N/A
2020-01-07 22:15:00,4,1,67,4_1,67
2020-01-07 22:15:00,4,2,32,4_2,32
2020-01-07 22:15:00,4,3,,4_3,#N/A
2020-01-07 22:30:00,1,1,,1_1,#N/A
2020-01-07 22:30:00,1,2,32,1_2,32
2020-01-07 22:30:00,1,3,,1_3,#N/A
2020-01-07 22:30:00,2,1,,2_1,#N/A
2020-01-07 22:30:00,2,2,32,2_2,32
2020-01-07 22:30:00,2,3,,2_3,#N/A
2020-01-07 22:30:00,3,1,,3_1,#N/A
2020-01-07 22:30:00,3,2,32,3_2,32
2020-01-07 22:30:00,3,3,92,3_3,92
2020-01-07 22:30:00,4,1,,4_1,#N/A
2020-01-07 22:30:00,4,2,32,4_2,32
2020-01-07 22:30:00,4,3,,4_3,#N/A
2020-01-07 22:45:00,1,1,0,1_1,0
2020-01-07 22:45:00,1,2,32,1_2,32
2020-01-07 22:45:00,1,3,38,1_3,38
2020-01-07 22:45:00,2,1,7,2_1,7
2020-01-07 22:45:00,2,2,32,2_2,32
2020-01-07 22:45:00,2,3,,2_3,#N/A
2020-01-07 22:45:00,3,1,14,3_1,14
2020-01-07 22:45:00,3,2,32,3_2,32
2020-01-07 22:45:00,3,3,,3_3,#N/A
2020-01-07 22:45:00,4,1,,4_1,#N/A
2020-01-07 22:45:00,4,2,32,4_2,32
2020-01-07 22:45:00,4,3,,4_3,#N/A
2020-01-07 23:00:00,1,1,,1_1,#N/A
2020-01-07 23:00:00,1,2,32,1_2,32
2020-01-07 23:00:00,1,3,,1_3,#N/A
2020-01-07 23:00:00,2,1,8,2_1,8
2020-01-07 23:00:00,2,2,,2_2,#N/A
2020-01-07 23:00:00,2,3,,2_3,#N/A
2020-01-07 23:00:00,3,1,27,3_1,27
2020-01-07 23:00:00,3,2,32,3_2,32
2020-01-07 23:00:00,3,3,,3_3,#N/A
2020-01-07 23:00:00,4,1,49,4_1,49
2020-01-07 23:00:00,4,2,32,4_2,32
2020-01-07 23:00:00,4,3,,4_3,#N/A
2020-01-07 23:15:00,1,1,62,1_1,62
2020-01-07 23:15:00,1,2,32,1_2,32
2020-01-07 23:15:00,1,3,36,1_3,36
2020-01-07 23:15:00,2,1,,2_1,#N/A
2020-01-07 23:15:00,2,2,32,2_2,32
2020-01-07 23:15:00,2,3,9,2_3,9
2020-01-07 23:15:00,3,1,49,3_1,49
2020-01-07 23:15:00,3,2,32,3_2,32
2020-01-07 23:15:00,3,3,,3_3,#N/A
2020-01-07 23:15:00,4,1,0,4_1,0
2020-01-07 23:15:00,4,2,32,4_2,32
2020-01-07 23:15:00,4,3,32,4_3,32
2020-01-07 23:30:00,1,1,,1_1,#N/A
2020-01-07 23:30:00,1,2,34,1_2,34
2020-01-07 23:30:00,1,3,2,1_3,2
2020-01-07 23:30:00,2,1,,2_1,#N/A
2020-01-07 23:30:00,2,2,34,2_2,34
2020-01-07 23:30:00,2,3,14,2_3,14
2020-01-07 23:30:00,3,1,,3_1,#N/A
2020-01-07 23:30:00,3,2,34,3_2,34
2020-01-07 23:30:00,3,3,85,3_3,85
2020-01-07 23:30:00,4,1,,4_1,#N/A
2020-01-07 23:30:00,4,2,34,4_2,34
2020-01-07 23:30:00,4,3,,4_3,#N/A
2020-01-07 23:45:00,1,1,,1_1,#N/A
2020-01-07 23:45:00,1,2,34,1_2,34
2020-01-07 23:45:00,1,3,,1_3,#N/A
2020-01-07 23:45:00,2,1,,2_1,#N/A
2020-01-07 23:45:00,2,2,34,2_2,34
2020-01-07 23:45:00,2,3,8,2_3,8
2020-01-07 23:45:00,3,1,,3_1,#N/A
2020-01-07 23:45:00,3,2,34,3_2,34
2020-01-07 23:45:00,3,3,92,3_3,92
2020-01-07 23:45:00,4,1,,4_1,#N/A
2020-01-07 23:45:00,4,2,34,4_2,34
2020-01-07 23:45:00,4,3,,4_3,#N/A
2020-01-08 00:00:00,1,1,,1_1,#N/A
2020-01-08 00:00:00,1,2,34,1_2,34
2020-01-08 00:00:00,1,3,8,1_3,8
2020-01-08 00:00:00,2,1,,2_1,#N/A
2020-01-08 00:00:00,2,2,34,2_2,34
2020-01-08 00:00:00,2,3,22,2_3,22
2020-01-08 00:00:00,3,1,,3_1,#N/A
2020-01-08 00:00:00,3,2,34,3_2,34
2020-01-08 00:00:00,3,3,,3_3,#N/A
2020-01-08 00:00:00,4,1,,4_1,#N/A
2020-01-08 00:00:00,4,2,34,4_2,34
2020-01-08 00:00:00,4,3,24,4_3,24
2020-01-08 00:15:00,1,1,5,1_1,5
2020-01-08 00:15:00,1,2,34,1_2,34
2020-01-08 00:15:00,1,3,27,1_3,27
2020-01-08 00:15:00,2,1,,2_1,#N/A
2020-01-08 00:15:00,2,2,34,2_2,34
2020-01-08 00:15:00,2,3,,2_3,#N/A
2020-01-08 00:15:00,3,1,20,3_1,20
2020-01-08 00:15:00,3,2,34,3_2,34
2020-01-08 00:15:00,3,3,,3_3,#N/A
2020-01-08 00:15:00,4,1,,4_1,#N/A
2020-01-08 00:15:00,4,2,34,4_2,34
2020-01-08 00:15:00,4,3,,4_3,#N/A
2020-01-08 00:30:00,1,1,,1_1,#N/A
2020-01-08 00:30:00,1,2,34,1_2,34
2020-01-08 00:30:00,1,3,1,1_3,1
2020-01-08 00:30:00,2,1,1,2_1,1
2020-01-08 00:30:00,2,2,34,2_2,34
2020-01-08 00:30:00,2,3,,2_3,#N/A
2020-01-08 00:30:00,3,1,,3_1,#N/A
2020-01-08 00:30:00,3,2,34,3_2,34
2020-01-08 00:30:00,3,3,,3_3,#N/A
2020-01-08 00:30:00,4,1,,4_1,#N/A
2020-01-08 00:30:00,4,2,34,4_2,34
2020-01-08 00:30:00,4,3,16,4_3,16
2020-01-08 00:45:00,1,1,13,1_1,13
2020-01-08 00:45:00,1,2,36,1_2,36
2020-01-08 00:45:00,1,3,5,1_3,5
2020-01-08 00:45:00,2,1,27,2_1,27
2020-01-08 00:45:00,2,2,36,2_2,36
2020-01-08 00:45:00,2,3,2,2_3,2
2020-01-08 00:45:00,3,1,,3_1,#N/A
2020-01-08 00:45:00,3,2,36,3_2,36
2020-01-08 00:45:00,3,3,1,3_3,1
2020-01-08 00:45:00,4,1,82,4_1,82
2020-01-08 00:45:00,4,2,36,4_2,36
2020-01-08 00:45:00,4,3,,4_3,#N/A
2020-01-08 01:00:00,1,1,,1_1,#N/A
2020-01-08 01:00:00,1,2,36,1_2,36
2020-01-08 01:00:00,1,3,,1_3,#N/A
2020-01-08 01:00:00,2,1,,2_1,#N/A
2020-01-08 01:00:00,2,2,,2_2,#N/A
2020-01-08 01:00:00,2,3,27,2_3,27
2020-01-08 01:00:00,3,1,,3_1,#N/A
2020-01-08 01:00:00,3,2,36,3_2,36
2020-01-08 01:00:00,3,3,,3_3,#N/A
2020-01-08 01:00:00,4,1,,4_1,#N/A
2020-01-08 01:00:00,4,2,36,4_2,36
2020-01-08 01:00:00,4,3,7,4_3,7
2020-01-08 01:15:00,1,1,99,1_1,99
2020-01-08 01:15:00,1,2,36,1_2,36
2020-01-08 01:15:00,1,3,16,1_3,16
2020-01-08 01:15:00,2,1,8,2_1,8
2020-01-08 01:15:00,2,2,36,2_2,36
2020-01-08 01:15:00,2,3,,2_3,#N/A
2020-01-08 01:15:00,3,1,,3_1,#N/A
2020-01-08 01:15:00,3,2,36,3_2,36
2020-01-08 01:15:00,3,3,16,3_3,16
2020-01-08 01:15:00,4,1,,4_1,#N/A
2020-01-08 01:15:00,4,2,36,4_2,36
2020-01-08 01:15:00,4,3,85,4_3,85
2020-01-08 01:30:00,1,1,17,1_1,17
2020-01-08 01:30:00,1,2,36,1_2,36
2020-01-08 01:30:00,1,3,43,1_3,43
2020-01-08 01:30:00,2,1,,2_1,#N/A
2020-01-08 01:30:00,2,2,36,2_2,36
2020-01-08 01:30:00,2,3,,2_3,#N/A
2020-01-08 01:30:00,3,1,29,3_1,29
2020-01-08 01:30:00,3,2,36,3_2,36
2020-01-08 01:30:00,3,3,,3_3,#N/A
2020-01-08 01:30:00,4,1,19,4_1,19
2020-01-08 01:30:00,4,2,,4_2,#N/A
2020-01-08 01:30:00,4,3,,4_3,#N/A
2020-01-08 01:45:00,1,1,,1_1,#N/A
2020-01-08 01:45:00,1,2,36,1_2,36
2020-01-08 01:45:00,1,3,,1_3,#N/A
2020-01-08 01:45:00,2,1,,2_1,#N/A
2020-01-08 01:45:00,2,2,36,2_2,36
2020-01-08 01:45:00,2,3,,2_3,#N/A
2020-01-08 01:45:00,3,1,64,3_1,64
2020-01-08 01:45:00,3,2,36,3_2,36
2020-01-08 01:45:00,3,3,43,3_3,43
2020-01-08 01:45:00,4,1,,4_1,#N/A
2020-01-08 01:45:00,4,2,36,4_2,36
2020-01-08 01:45:00,4,3,43,4_3,43
2020-01-08 02:00:00,1,1,73,1_1,73
2020-01-08 02:00:00,1,2,38,1_2,38
2020-01-08 02:00:00,1,3,,1_3,#N/A
2020-01-08 02:00:00,2,1,,2_1,#N/A
2020-01-08 02:00:00,2,2,38,2_2,38
2020-01-08 02:00:00,2,3,10,2_3,10
2020-01-08 02:00:00,3,1,,3_1,#N/A
2020-01-08 02:00:00,3,2,38,3_2,38
2020-01-08 02:00:00,3,3,,3_3,#N/A
2020-01-08 02:00:00,4,1,79,4_1,79
2020-01-08 02:00:00,4,2,,4_2,#N/A
2020-01-08 02:00:00,4,3,,4_3,#N/A
2020-01-08 02:15:00,1,1,,1_1,#N/A
2020-01-08 02:15:00,1,2,38,1_2,38
2020-01-08 02:15:00,1,3,,1_3,#N/A
2020-01-08 02:15:00,2,1,73,2_1,73
2020-01-08 02:15:00,2,2,38,2_2,38
2020-01-08 02:15:00,2,3,1,2_3,1
2020-01-08 02:15:00,3,1,,3_1,#N/A
2020-01-08 02:15:00,3,2,,3_2,#N/A
2020-01-08 02:15:00,3,3,1,3_3,1
2020-01-08 02:15:00,4,1,,4_1,#N/A
2020-01-08 02:15:00,4,2,38,4_2,38
2020-01-08 02:15:00,4,3,,4_3,#N/A
2020-01-08 02:30:00,1,1,,1_1,#N/A
2020-01-08 02:30:00,1,2,38,1_2,38
2020-01-08 02:30:00,1,3,57,1_3,57
2020-01-08 02:30:00,2,1,,2_1,#N/A
2020-01-08 02:30:00,2,2,38,2_2,38
2020-01-08 02:30:00,2,3,,2_3,#N/A
2020-01-08 02:30:00,3,1,16,3_1,16
2020-01-08 02:30:00,3,2,38,3_2,38
2020-01-08 02:30:00,3,3,32,3_3,32
2020-01-08 02:30:00,4,1,92,4_1,92
2020-01-08 02:30:00,4,2,38,4_2,38
2020-01-08 02:30:00,4,3,45,4_3,45
2020-01-08 02:45:00,1,1,12,1_1,12
2020-01-08 02:45:00,1,2,,1_2,#N/A
2020-01-08 02:45:00,1,3,45,1_3,45
2020-01-08 02:45:00,2,1,,2_1,#N/A
2020-01-08 02:45:00,2,2,38,2_2,38
2020-01-08 02:45:00,2,3,,2_3,#N/A
2020-01-08 02:45:00,3,1,54,3_1,54
2020-01-08 02:45:00,3,2,38,3_2,38
2020-01-08 02:45:00,3,3,,3_3,#N/A
2020-01-08 02:45:00,4,1,,4_1,#N/A
2020-01-08 02:45:00,4,2,38,4_2,38
2020-01-08 02:45:00,4,3,5,4_3,5
2020-01-08 03:00:00,1,1,29,1_1,29
2020-01-08 03:00:00,1,2,38,1_2,38
2020-01-08 03:00:00,1,3,,1_3,#N/A
2020-01-08 03:00:00,2,1,12,2_1,12
2020-01-08 03:00:00,2,2,38,2_2,38
2020-01-08 03:00:00,2,3,99,2_3,99
2020-01-08 03:00:00,3,1,,3_1,#N/A
2020-01-08 03:00:00,3,2,38,3_2,38
2020-01-08 03:00:00,3,3,29,3_3,29
2020-01-08 03:00:00,4,1,,4_1,#N/A
2020-01-08 03:00:00,4,2,38,4_2,38
2020-01-08 03:00:00,4,3,,4_3,#N/A
2020-01-08 03:15:00,1,1,,1_1,#N/A
2020-01-08 03:15:00,1,2,40,1_2,40
2020-01-08 03:15:00,1,3,,1_3,#N/A
2020-01-08 03:15:00,2,1,,2_1,#N/A
2020-01-08 03:15:00,2,2,40,2_2,40
2020-01-08 03:15:00,2,3,,2_3,#N/A
2020-01-08 03:15:00,3,1,64,3_1,64
2020-01-08 03:15:00,3,2,,3_2,#N/A
2020-01-08 03:15:00,3,3,,3_3,#N/A
2020-01-08 03:15:00,4,1,2,4_1,2
2020-01-08 03:15:00,4,2,40,4_2,40
2020-01-08 03:15:00,4,3,,4_3,#N/A
2020-01-08 03:30:00,1,1,,1_1,#N/A
2020-01-08 03:30:00,1,2,40,1_2,40
2020-01-08 03:30:00,1,3,,1_3,#N/A
2020-01-08 03:30:00,2,1,2,2_1,2
2020-01-08 03:30:00,2,2,40,2_2,40
2020-01-08 03:30:00,2,3,70,2_3,70
2020-01-08 03:30:00,3,1,0,3_1,0
2020-01-08 03:30:00,3,2,40,3_2,40
2020-01-08 03:30:00,3,3,,3_3,#N/A
2020-01-08 03:30:00,4,1,,4_1,#N/A
2020-01-08 03:30:00,4,2,40,4_2,40
2020-01-08 03:30:00,4,3,,4_3,#N/A
2020-01-08 03:45:00,1,1,,1_1,#N/A
2020-01-08 03:45:00,1,2,40,1_2,40
2020-01-08 03:45:00,1,3,,1_3,#N/A
2020-01-08 03:45:00,2,1,17,2_1,17
2020-01-08 03:45:00,2,2,40,2_2,40
2020-01-08 03:45:00,2,3,62,2_3,62
2020-01-08 03:45:00,3,1,40,3_1,40
2020-01-08 03:45:00,3,2,40,3_2,40
2020-01-08 03:45:00,3,3,,3_3,#N/A
2020-01-08 03:45:00,4,1,,4_1,#N/A
2020-01-08 03:45:00,4,2,40,4_2,40
2020-01-08 03:45:00,4,3,,4_3,#N/A
2020-01-08 04:00:00,1,1,,1_1,#N/A
2020-01-08 04:00:00,1,2,,1_2,#N/A
2020-01-08 04:00:00,1,3,,1_3,#N/A
2020-01-08 04:00:00,2,1,,2_1,#N/A
2020-01-08 04:00:00,2,2,40,2_2,40
2020-01-08 04:00:00,2,3,,2_3,#N/A
2020-01-08 04:00:00,3,1,,3_1,#N/A
2020-01-08 04:00:00,3,2,40,3_2,40
2020-01-08 04:00:00,3,3,,3_3,#N/A
2020-01-08 04:00:00,4,1,,4_1,#N/A
2020-01-08 04:00:00,4,2,40,4_2,40
2020-01-08 04:00:00,4,3,,4_3,#N/A
2020-01-08 04:15:00,1,1,,1_1,#N/A
2020-01-08 04:15:00,1,2,40,1_2,40
2020-01-08 04:15:00,1,3,92,1_3,92
2020-01-08 04:15:00,2,1,,2_1,#N/A
2020-01-08 04:15:00,2,2,40,2_2,40
2020-01-08 04:15:00,2,3,,2_3,#N/A
2020-01-08 04:15:00,3,1,31,3_1,31
2020-01-08 04:15:00,3,2,40,3_2,40
2020-01-08 04:15:00,3,3,45,3_3,45
2020-01-08 04:15:00,4,1,,4_1,#N/A
2020-01-08 04:15:00,4,2,40,4_2,40
2020-01-08 04:15:00,4,3,43,4_3,43
2020-01-08 04:30:00,1,1,,1_1,#N/A
2020-01-08 04:30:00,1,2,,1_2,#N/A
2020-01-08 04:30:00,1,3,,1_3,#N/A
2020-01-08 04:30:00,2,1,,2_1,#N/A
2020-01-08 04:30:00,2,2,43,2_2,43
2020-01-08 04:30:00,2,3,,2_3,#N/A
2020-01-08 04:30:00,3,1,8,3_1,8
2020-01-08 04:30:00,3,2,43,3_2,43
2020-01-08 04:30:00,3,3,34,3_3,34
2020-01-08 04:30:00,4,1,,4_1,#N/A
2020-01-08 04:30:00,4,2,43,4_2,43
2020-01-08 04:30:00,4,3,29,4_3,29
2020-01-08 04:45:00,1,1,,1_1,#N/A
2020-01-08 04:45:00,1,2,43,1_2,43
2020-01-08 04:45:00,1,3,82,1_3,82
2020-01-08 04:45:00,2,1,25,2_1,25
2020-01-08 04:45:00,2,2,43,2_2,43
2020-01-08 04:45:00,2,3,7,2_3,7
2020-01-08 04:45:00,3,1,3,3_1,3
2020-01-08 04:45:00,3,2,43,3_2,43
2020-01-08 04:45:00,3,3,70,3_3,70
2020-01-08 04:45:00,4,1,,4_1,#N/A
2020-01-08 04:45:00,4,2,43,4_2,43
2020-01-08 04:45:00,4,3,2,4_3,2
2020-01-08 05:00:00,1,1,,1_1,#N/A
2020-01-08 05:00:00,1,2,43,1_2,43
2020-01-08 05:00:00,1,3,79,1_3,79
2020-01-08 05:00:00,2,1,,2_1,#N/A
2020-01-08 05:00:00,2,2,43,2_2,43
2020-01-08 05:00:00,2,3,,2_3,#N/A
2020-01-08 05:00:00,3,1,45,3_1,45
2020-01-08 05:00:00,3,2,,3_2,#N/A
2020-01-08 05:00:00,3,3,16,3_3,16
2020-01-08 05:00:00,4,1,,4_1,#N/A
2020-01-08 05:00:00,4,2,43,4_2,43
2020-01-08 05:00:00,4,3,,4_3,#N/A
2020-01-08 05:15:00,1,1,2,1_1,2
2020-01-08 05:15:00,1,2,43,1_2,43
2020-01-08 05:15:00,1,3,,1_3,#N/A
2020-01-08 05:15:00,2,1,,2_1,#N/A
2020-01-08 05:15:00,2,2,43,2_2,43
2020-01-08 05:15:00,2,3,,2_3,#N/A
2020-01-08 05:15:00,3,1,,3_1,#N/A
2020-01-08 05:15:00,3,2,43,3_2,43
2020-01-08 05:15:00,3,3,,3_3,#N/A
2020-01-08 05:15:00,4,1,82,4_1,82
2020-01-08 05:15:00,4,2,43,4_2,43
2020-01-08 05:15:00,4,3,,4_3,#N/A
2020-01-08 05:30:00,1,1,,1_1,#N/A
2020-01-08 05:30:00,1,2,43,1_2,43
2020-01-08 05:30:00,1,3,,1_3,#N/A
2020-01-08 05:30:00,2,1,,2_1,#N/A
2020-01-08 05:30:00,2,2,43,2_2,43
2020-01-08 05:30:00,2,3,4,2_3,4
2020-01-08 05:30:00,3,1,14,3_1,14
2020-01-08 05:30:00,3,2,43,3_2,43
2020-01-08 05:30:00,3,3,,3_3,#N/A
2020-01-08 05:30:00,4,1,,4_1,#N/A
2020-01-08 05:30:00,4,2,43,4_2,43
2020-01-08 05:30:00,4,3,45,4_3,45
2020-01-08 05:45:00,1,1,16,1_1,16
2020-01-08 05:45:00,1,2,45,1_2,45
2020-01-08 05:45:00,1,3,,1_3,#N/A
2020-01-08 05:45:00,2,1,,2_1,#N/A
2020-01-08 05:45:00,2,2,45,2_2,45
2020-01-08 05:45:00,2,3,,2_3,#N/A
2020-01-08 05:45:00,3,1,57,3_1,57
2020-01-08 05:45:00,3,2,45,3_2,45
2020-01-08 05:45:00,3,3,,3_3,#N/A
2020-01-08 05:45:00,4,1,82,4_1,82
2020-01-08 05:45:00,4,2,45,4_2,45
2020-01-08 05:45:00,4,3,64,4_3,64
2020-01-08 06:00:00,1,1,,1_1,#N/A
2020-01-08 06:00:00,1,2,45,1_2,45
2020-01-08 06:00:00,1,3,29,1_3,29
2020-01-08 06:00:00,2,1,16,2_1,16
2020-01-08 06:00:00,2,2,45,2_2,45
2020-01-08 06:00:00,2,3,,2_3,#N/A
2020-01-08 06:00:00,3,1,52,3_1,52
2020-01-08 06:00:00,3,2,45,3_2,45
2020-01-08 06:00:00,3,3,64,3_3,64
2020-01-08 06:00:00,4,1,,4_1,#N/A
2020-01-08 06:00:00,4,2,45,4_2,45
2020-01-08 06:00:00,4,3,,4_3,#N/A
2020-01-08 06:15:00,1,1,,1_1,#N/A
2020-01-08 06:15:00,1,2,45,1_2,45
2020-01-08 06:15:00,1,3,,1_3,#N/A
2020-01-08 06:15:00,2,1,2,2_1,2
2020-01-08 06:15:00,2,2,45,2_2,45
2020-01-08 06:15:00,2,3,12,2_3,12
2020-01-08 06:15:00,3,1,,3_1,#N/A
2020-01-08 06:15:00,3,2,45,3_2,45
2020-01-08 06:15:00,3,3,,3_3,#N/A
2020-01-08 06:15:00,4,1,,4_1,#N/A
2020-01-08 06:15:00,4,2,45,4_2,45
2020-01-08 06:15:00,4,3,9,4_3,9
2020-01-08 06:30:00,1,1,,1_1,#N/A
2020-01-08 06:30:00,1,2,,1_2,#N/A
2020-01-08 06:30:00,1,3,,1_3,#N/A
2020-01-08 06:30:00,2,1,76,2_1,76
2020-01-08 06:30:00,2,2,45,2_2,45
2020-01-08 06:30:00,2,3,,2_3,#N/A
2020-01-08 06:30:00,3,1,,3_1,#N/A
2020-01-08 06:30:00,3,2,45,3_2,45
2020-01-08 06:30:00,3,3,,3_3,#N/A
2020-01-08 06:30:00,4,1,,4_1,#N/A
2020-01-08 06:30:00,4,2,45,4_2,45
2020-01-08 06:30:00,4,3,64,4_3,64
2020-01-08 06:45:00,1,1,16,1_1,16
2020-01-08 06:45:00,1,2,45,1_2,45
2020-01-08 06:45:00,1,3,,1_3,#N/A
2020-01-08 06:45:00,2,1,40,2_1,40
2020-01-08 06:45:00,2,2,45,2_2,45
2020-01-08 06:45:00,2,3,79,2_3,79
2020-01-08 06:45:00,3,1,,3_1,#N/A
2020-01-08 06:45:00,3,2,,3_2,#N/A
2020-01-08 06:45:00,3,3,7,3_3,7
2020-01-08 06:45:00,4,1,24,4_1,24
2020-01-08 06:45:00,4,2,45,4_2,45
2020-01-08 06:45:00,4,3,,4_3,#N/A
2020-01-08 07:00:00,1,1,,1_1,#N/A
2020-01-08 07:00:00,1,2,47,1_2,47
2020-01-08 07:00:00,1,3,,1_3,#N/A
2020-01-08 07:00:00,2,1,,2_1,#N/A
2020-01-08 07:00:00,2,2,47,2_2,47
2020-01-08 07:00:00,2,3,,2_3,#N/A
2020-01-08 07:00:00,3,1,,3_1,#N/A
2020-01-08 07:00:00,3,2,,3_2,#N/A
2020-01-08 07:00:00,3,3,,3_3,#N/A
2020-01-08 07:00:00,4,1,,4_1,#N/A
2020-01-08 07:00:00,4,2,,4_2,#N/A
2020-01-08 07:00:00,4,3,2,4_3,2
2020-01-08 07:15:00,1,1,76,1_1,76
2020-01-08 07:15:00,1,2,47,1_2,47
2020-01-08 07:15:00,1,3,79,1_3,79
2020-01-08 07:15:00,2,1,12,2_1,12
2020-01-08 07:15:00,2,2,47,2_2,47
2020-01-08 07:15:00,2,3,,2_3,#N/A
2020-01-08 07:15:00,3,1,0,3_1,0
2020-01-08 07:15:00,3,2,47,3_2,47
2020-01-08 07:15:00,3,3,,3_3,#N/A
2020-01-08 07:15:00,4,1,2,4_1,2
2020-01-08 07:15:00,4,2,47,4_2,47
2020-01-08 07:15:00,4,3,,4_3,#N/A
2020-01-08 07:30:00,1,1,,1_1,#N/A
2020-01-08 07:30:00,1,2,47,1_2,47
2020-01-08 07:30:00,1,3,99,1_3,99
2020-01-08 07:30:00,2,1,,2_1,#N/A
2020-01-08 07:30:00,2,2,47,2_2,47
2020-01-08 07:30:00,2,3,10,2_3,10
2020-01-08 07:30:00,3,1,,3_1,#N/A
2020-01-08 07:30:00,3,2,47,3_2,47
2020-01-08 07:30:00,3,3,79,3_3,79
2020-01-08 07:30:00,4,1,,4_1,#N/A
2020-01-08 07:30:00,4,2,47,4_2,47
2020-01-08 07:30:00,4,3,62,4_3,62
2020-01-08 07:45:00,1,1,43,1_1,43
2020-01-08 07:45:00,1,2,47,1_2,47
2020-01-08 07:45:00,1,3,,1_3,#N/A
2020-01-08 07:45:00,2,1,36,2_1,36
2020-01-08 07:45:00,2,2,47,2_2,47
2020-01-08 07:45:00,2,3,16,2_3,16
2020-01-08 07:45:00,3,1,,3_1,#N/A
2020-01-08 07:45:00,3,2,47,3_2,47
2020-01-08 07:45:00,3,3,,3_3,#N/A
2020-01-08 07:45:00,4,1,3,4_1,3
2020-01-08 07:45:00,4,2,47,4_2,47
2020-01-08 07:45:00,4,3,31,4_3,31
2020-01-08 08:00:00,1,1,,1_1,#N/A
2020-01-08 08:00:00,1,2,47,1_2,47
2020-01-08 08:00:00,1,3,29,1_3,29
2020-01-08 08:00:00,2,1,,2_1,#N/A
2020-01-08 08:00:00,2,2,47,2_2,47
2020-01-08 08:00:00,2,3,,2_3,#N/A
2020-01-08 08:00:00,3,1,,3_1,#N/A
2020-01-08 08:00:00,3,2,47,3_2,47
2020-01-08 08:00:00,3,3,38,3_3,38
2020-01-08 08:00:00,4,1,,4_1,#N/A
2020-01-08 08:00:00,4,2,47,4_2,47
2020-01-08 08:00:00,4,3,,4_3,#N/A
2020-01-08 08:15:00,1,1,79,1_1,79
2020-01-08 08:15:00,1,2,49,1_2,49
2020-01-08 08:15:00,1,3,34,1_3,34
2020-01-08 08:15:00,2,1,62,2_1,62
2020-01-08 08:15:00,2,2,49,2_2,49
2020-01-08 08:15:00,2,3,22,2_3,22
2020-01-08 08:15:00,3,1,13,3_1,13
2020-01-08 08:15:00,3,2,49,3_2,49
2020-01-08 08:15:00,3,3,,3_3,#N/A
2020-01-08 08:15:00,4,1,,4_1,#N/A
2020-01-08 08:15:00,4,2,49,4_2,49
2020-01-08 08:15:00,4,3,,4_3,#N/A
2020-01-08 08:30:00,1,1,32,1_1,32
2020-01-08 08:30:00,1,2,49,1_2,49
2020-01-08 08:30:00,1,3,,1_3,#N/A
2020-01-08 08:30:00,2,1,67,2_1,67
2020-01-08 08:30:00,2,2,49,2_2,49
2020-01-08 08:30:00,2,3,,2_3,#N/A
2020-01-08 08:30:00,3,1,31,3_1,31
2020-01-08 08:30:00,3,2,49,3_2,49
2020-01-08 08:30:00,3,3,,3_3,#N/A
2020-01-08 08:30:00,4,1,25,4_1,25
2020-01-08 08:30:00,4,2,49,4_2,49
2020-01-08 08:30:00,4,3,,4_3,#N/A
2020-01-08 08:45:00,1,1,,1_1,#N/A
2020-01-08 08:45:00,1,2,49,1_2,49
2020-01-08 08:45:00,1,3,,1_3,#N/A
2020-01-08 08:45:00,2,1,,2_1,#N/A
2020-01-08 08:45:00,2,2,49,2_2,49
2020-01-08 08:45:00,2,3,,2_3,#N/A
2020-01-08 08:45:00,3,1,,3_1,#N/A
2020-01-08 08:45:00,3,2,49,3_2,49
2020-01-08 08:45:00,3,3,,3_3,#N/A
2020-01-08 08:45:00,4,1,,4_1,#N/A
2020-01-08 08:45:00,4,2,,4_2,#N/A
2020-01-08 08:45:00,4,3,92,4_3,92
2020-01-08 09:00:00,1,1,10,1_1,10
2020-01-08 09:00:00,1,2,49,1_2,49
2020-01-08 09:00:00,1,3,,1_3,#N/A
2020-01-08 09:00:00,2,1,,2_1,#N/A
2020-01-08 09:00:00,2,2,,2_2,#N/A
2020-01-08 09:00:00,2,3,40,2_3,40
2020-01-08 09:00:00,3,1,,3_1,#N/A
2020-01-08 09:00:00,3,2,49,3_2,49
2020-01-08 09:00:00,3,3,19,3_3,19
2020-01-08 09:00:00,4,1,,4_1,#N/A
2020-01-08 09:00:00,4,2,49,4_2,49
2020-01-08 09:00:00,4,3,,4_3,#N/A
2020-01-08 09:15:00,1,1,13,1_1,13
2020-01-08 09:15:00,1,2,49,1_2,49
2020-01-08 09:15:00,1,3,49,1_3,49
2020-01-08 09:15:00,2,1,1,2_1,1
2020-01-08 09:15:00,2,2,49,2_2,49
2020-01-08 09:15:00,2,3,,2_3,#N/A
2020-01-08 09:15:00,3,1,34,3_1,34
2020-01-08 09:15:00,3,2,49,3_2,49
2020-01-08 09:15:00,3,3,,3_3,#N/A
2020-01-08 09:15:00,4,1,38,4_1,38
2020-01-08 09:15:00,4,2,49,4_2,49
2020-01-08 09:15:00,4,3,,4_3,#N/A
2020-01-08 09:30:00,1,1,73,1_1,73
2020-01-08 09:30:00,1,2,52,1_2,52
2020-01-08 09:30:00,1,3,,1_3,#N/A
2020-01-08 09:30:00,2,1,,2_1,#N/A
2020-01-08 09:30:00,2,2,52,2_2,52
2020-01-08 09:30:00,2,3,,2_3,#N/A
2020-01-08 09:30:00,3,1,9,3_1,9
2020-01-08 09:30:00,3,2,52,3_2,52
2020-01-08 09:30:00,3,3,,3_3,#N/A
2020-01-08 09:30:00,4,1,92,4_1,92
2020-01-08 09:30:00,4,2,,4_2,#N/A
2020-01-08 09:30:00,4,3,,4_3,#N/A
2020-01-08 09:45:00,1,1,,1_1,#N/A
2020-01-08 09:45:00,1,2,52,1_2,52
2020-01-08 09:45:00,1,3,,1_3,#N/A
2020-01-08 09:45:00,2,1,,2_1,#N/A
2020-01-08 09:45:00,2,2,52,2_2,52
2020-01-08 09:45:00,2,3,22,2_3,22
2020-01-08 09:45:00,3,1,,3_1,#N/A
2020-01-08 09:45:00,3,2,,3_2,#N/A
2020-01-08 09:45:00,3,3,79,3_3,79
2020-01-08 09:45:00,4,1,,4_1,#N/A
2020-01-08 09:45:00,4,2,52,4_2,52
2020-01-08 09:45:00,4,3,29,4_3,29
2020-01-08 10:00:00,1,1,,1_1,#N/A
2020-01-08 10:00:00,1,2,52,1_2,52
2020-01-08 10:00:00,1,3,82,1_3,82
2020-01-08 10:00:00,2,1,,2_1,#N/A
2020-01-08 10:00:00,2,2,52,2_2,52
2020-01-08 10:00:00,2,3,,2_3,#N/A
2020-01-08 10:00:00,3,1,,3_1,#N/A
2020-01-08 10:00:00,3,2,52,3_2,52
2020-01-08 10:00:00,3,3,22,3_3,22
2020-01-08 10:00:00,4,1,,4_1,#N/A
2020-01-08 10:00:00,4,2,52,4_2,52
2020-01-08 10:00:00,4,3,7,4_3,7
2020-01-08 10:15:00,1,1,,1_1,#N/A
2020-01-08 10:15:00,1,2,52,1_2,52
2020-01-08 10:15:00,1,3,36,1_3,36
2020-01-08 10:15:00,2,1,73,2_1,73
2020-01-08 10:15:00,2,2,52,2_2,52
2020-01-08 10:15:00,2,3,,2_3,#N/A
2020-01-08 10:15:00,3,1,,3_1,#N/A
2020-01-08 10:15:00,3,2,52,3_2,52
2020-01-08 10:15:00,3,3,,3_3,#N/A
2020-01-08 10:15:00,4,1,,4_1,#N/A
2020-01-08 10:15:00,4,2,52,4_2,52
2020-01-08 10:15:00,4,3,,4_3,#N/A
2020-01-08 10:30:00,1,1,4,1_1,4
2020-01-08 10:30:00,1,2,52,1_2,52
2020-01-08 10:30:00,1,3,13,1_3,13
2020-01-08 10:30:00,2,1,,2_1,#N/A
2020-01-08 10:30:00,2,2,52,2_2,52
2020-01-08 10:30:00,2,3,88,2_3,88
2020-01-08 10:30:00,3,1,,3_1,#N/A
2020-01-08 10:30:00,3,2,52,3_2,52
2020-01-08 10:30:00,3,3,19,3_3,19
2020-01-08 10:30:00,4,1,,4_1,#N/A
2020-01-08 10:30:00,4,2,52,4_2,52
2020-01-08 10:30:00,4,3,43,4_3,43
2020-01-08 10:45:00,1,1,,1_1,#N/A
2020-01-08 10:45:00,1,2,54,1_2,54
2020-01-08 10:45:00,1,3,,1_3,#N/A
2020-01-08 10:45:00,2,1,20,2_1,20
2020-01-08 10:45:00,2,2,54,2_2,54
2020-01-08 10:45:00,2,3,16,2_3,16
2020-01-08 10:45:00,3,1,,3_1,#N/A
2020-01-08 10:45:00,3,2,54,3_2,54
2020-01-08 10:45:00,3,3,0,3_3,0
2020-01-08 10:45:00,4,1,,4_1,#N/A
2020-01-08 10:45:00,4,2,54,4_2,54
2020-01-08 10:45:00,4,3,,4_3,#N/A
2020-01-08 11:00:00,1,1,82,1_1,82
2020-01-08 11:00:00,1,2,54,1_2,54
2020-01-08 11:00:00,1,3,,1_3,#N/A
2020-01-08 11:00:00,2,1,,2_1,#N/A
2020-01-08 11:00:00,2,2,54,2_2,54
2020-01-08 11:00:00,2,3,,2_3,#N/A
2020-01-08 11:00:00,3,1,13,3_1,13
2020-01-08 11:00:00,3,2,54,3_2,54
2020-01-08 11:00:00,3,3,,3_3,#N/A
2020-01-08 11:00:00,4,1,62,4_1,62
2020-01-08 11:00:00,4,2,54,4_2,54
2020-01-08 11:00:00,4,3,0,4_3,0
2020-01-08 11:15:00,1,1,,1_1,#N/A
2020-01-08 11:15:00,1,2,54,1_2,54
2020-01-08 11:15:00,1,3,,1_3,#N/A
2020-01-08 11:15:00,2,1,45,2_1,45
2020-01-08 11:15:00,2,2,54,2_2,54
2020-01-08 11:15:00,2,3,4,2_3,4
2020-01-08 11:15:00,3,1,29,3_1,29
2020-01-08 11:15:00,3,2,54,3_2,54
2020-01-08 11:15:00,3,3,31,3_3,31
2020-01-08 11:15:00,4,1,3,4_1,3
2020-01-08 11:15:00,4,2,54,4_2,54
2020-01-08 11:15:00,4,3,,4_3,#N/A
2020-01-08 11:30:00,1,1,,1_1,#N/A
2020-01-08 11:30:00,1,2,54,1_2,54
2020-01-08 11:30:00,1,3,,1_3,#N/A
2020-01-08 11:30:00,2,1,13,2_1,13
2020-01-08 11:30:00,2,2,54,2_2,54
2020-01-08 11:30:00,2,3,,2_3,#N/A
2020-01-08 11:30:00,3,1,85,3_1,85
2020-01-08 11:30:00,3,2,54,3_2,54
2020-01-08 11:30:00,3,3,,3_3,#N/A
2020-01-08 11:30:00,4,1,,4_1,#N/A
2020-01-08 11:30:00,4,2,54,4_2,54
2020-01-08 11:30:00,4,3,12,4_3,12
2020-01-08 11:45:00,1,1,25,1_1,25
2020-01-08 11:45:00,1,2,54,1_2,54
2020-01-08 11:45:00,1,3,,1_3,#N/A
2020-01-08 11:45:00,2,1,14,2_1,14
2020-01-08 11:45:00,2,2,54,2_2,54
2020-01-08 11:45:00,2,3,82,2_3,82
2020-01-08 11:45:00,3,1,,3_1,#N/A
2020-01-08 11:45:00,3,2,54,3_2,54
2020-01-08 11:45:00,3,3,,3_3,#N/A
2020-01-08 11:45:00,4,1,,4_1,#N/A
2020-01-08 11:45:00,4,2,54,4_2,54
2020-01-08 11:45:00,4,3,,4_3,#N/A
2020-01-08 12:00:00,1,1,10,1_1,10
2020-01-08 12:00:00,1,2,57,1_2,57
2020-01-08 12:00:00,1,3,,1_3,#N/A
2020-01-08 12:00:00,2,1,64,2_1,64
2020-01-08 12:00:00,2,2,57,2_2,57
2020-01-08 12:00:00,2,3,,2_3,#N/A
2020-01-08 12:00:00,3,1,4,3_1,4
2020-01-08 12:00:00,3,2,57,3_2,57
2020-01-08 12:00:00,3,3,,3_3,#N/A
2020-01-08 12:00:00,4,1,,4_1,#N/A
2020-01-08 12:00:00,4,2,57,4_2,57
2020-01-08 12:00:00,4,3,19,4_3,19
2020-01-08 12:15:00,1,1,,1_1,#N/A
2020-01-08 12:15:00,1,2,57,1_2,57
2020-01-08 12:15:00,1,3,,1_3,#N/A
2020-01-08 12:15:00,2,1,,2_1,#N/A
2020-01-08 12:15:00,2,2,,2_2,#N/A
2020-01-08 12:15:00,2,3,38,2_3,38
2020-01-08 12:15:00,3,1,5,3_1,5
2020-01-08 12:15:00,3,2,57,3_2,57
2020-01-08 12:15:00,3,3,7,3_3,7
2020-01-08 12:15:00,4,1,,4_1,#N/A
2020-01-08 12:15:00,4,2,57,4_2,57
2020-01-08 12:15:00,4,3,57,4_3,57
2020-01-08 12:30:00,1,1,54,1_1,54
2020-01-08 12:30:00,1,2,57,1_2,57
2020-01-08 12:30:00,1,3,,1_3,#N/A
2020-01-08 12:30:00,2,1,57,2_1,57
2020-01-08 12:30:00,2,2,57,2_2,57
2020-01-08 12:30:00,2,3,57,2_3,57
2020-01-08 12:30:00,3,1,34,3_1,34
2020-01-08 12:30:00,3,2,57,3_2,57
2020-01-08 12:30:00,3,3,,3_3,#N/A
2020-01-08 12:30:00,4,1,,4_1,#N/A
2020-01-08 12:30:00,4,2,,4_2,#N/A
2020-01-08 12:30:00,4,3,,4_3,#N/A
2020-01-08 12:45:00,1,1,,1_1,#N/A
2020-01-08 12:45:00,1,2,57,1_2,57
2020-01-08 12:45:00,1,3,,1_3,#N/A
2020-01-08 12:45:00,2,1,19,2_1,19
2020-01-08 12:45:00,2,2,57,2_2,57
2020-01-08 12:45:00,2,3,32,2_3,32
2020-01-08 12:45:00,3,1,20,3_1,20
2020-01-08 12:45:00,3,2,57,3_2,57
2020-01-08 12:45:00,3,3,79,3_3,79
2020-01-08 12:45:00,4,1,,4_1,#N/A
2020-01-08 12:45:00,4,2,57,4_2,57
2020-01-08 12:45:00,4,3,,4_3,#N/A
2020-01-08 13:00:00,1,1,,1_1,#N/A
2020-01-08 13:00:00,1,2,57,1_2,57
2020-01-08 13:00:00,1,3,17,1_3,17
2020-01-08 13:00:00,2,1,,2_1,#N/A
2020-01-08 13:00:00,2,2,57,2_2,57
2020-01-08 13:00:00,2,3,92,2_3,92
2020-01-08 13:00:00,3,1,79,3_1,79
2020-01-08 13:00:00,3,2,57,3_2,57
2020-01-08 13:00:00,3,3,76,3_3,76
2020-01-08 13:00:00,4,1,,4_1,#N/A
2020-01-08 13:00:00,4,2,57,4_2,57
2020-01-08 13:00:00,4,3,,4_3,#N/A
2020-01-08 13:15:00,1,1,16,1_1,16
2020-01-08 13:15:00,1,2,59,1_2,59
2020-01-08 13:15:00,1,3,,1_3,#N/A
2020-01-08 13:15:00,2,1,,2_1,#N/A
2020-01-08 13:15:00,2,2,59,2_2,59
2020-01-08 13:15:00,2,3,,2_3,#N/A
2020-01-08 13:15:00,3,1,5,3_1,5
2020-01-08 13:15:00,3,2,59,3_2,59
2020-01-08 13:15:00,3,3,,3_3,#N/A
2020-01-08 13:15:00,4,1,16,4_1,16
2020-01-08 13:15:00,4,2,59,4_2,59
2020-01-08 13:15:00,4,3,49,4_3,49
2020-01-08 13:30:00,1,1,12,1_1,12
2020-01-08 13:30:00,1,2,59,1_2,59
2020-01-08 13:30:00,1,3,27,1_3,27
2020-01-08 13:30:00,2,1,,2_1,#N/A
2020-01-08 13:30:00,2,2,59,2_2,59
2020-01-08 13:30:00,2,3,22,2_3,22
2020-01-08 13:30:00,3,1,38,3_1,38
2020-01-08 13:30:00,3,2,59,3_2,59
2020-01-08 13:30:00,3,3,20,3_3,20
2020-01-08 13:30:00,4,1,8,4_1,8
2020-01-08 13:30:00,4,2,59,4_2,59
2020-01-08 13:30:00,4,3,,4_3,#N/A
2020-01-08 13:45:00,1,1,,1_1,#N/A
2020-01-08 13:45:00,1,2,59,1_2,59
2020-01-08 13:45:00,1,3,,1_3,#N/A
2020-01-08 13:45:00,2,1,10,2_1,10
2020-01-08 13:45:00,2,2,59,2_2,59
2020-01-08 13:45:00,2,3,,2_3,#N/A
2020-01-08 13:45:00,3,1,,3_1,#N/A
2020-01-08 13:45:00,3,2,59,3_2,59
2020-01-08 13:45:00,3,3,,3_3,#N/A
2020-01-08 13:45:00,4,1,,4_1,#N/A
2020-01-08 13:45:00,4,2,59,4_2,59
2020-01-08 13:45:00,4,3,29,4_3,29
2020-01-08 14:00:00,1,1,,1_1,#N/A
2020-01-08 14:00:00,1,2,59,1_2,59
2020-01-08 14:00:00,1,3,76,1_3,76
2020-01-08 14:00:00,2,1,,2_1,#N/A
2020-01-08 14:00:00,2,2,59,2_2,59
2020-01-08 14:00:00,2,3,,2_3,#N/A
2020-01-08 14:00:00,3,1,,3_1,#N/A
2020-01-08 14:00:00,3,2,59,3_2,59
2020-01-08 14:00:00,3,3,67,3_3,67
2020-01-08 14:00:00,4,1,,4_1,#N/A
2020-01-08 14:00:00,4,2,59,4_2,59
2020-01-08 14:00:00,4,3,,4_3,#N/A
2020-01-08 14:15:00,1,1,82,1_1,82
2020-01-08 14:15:00,1,2,59,1_2,59
2020-01-08 14:15:00,1,3,,1_3,#N/A
2020-01-08 14:15:00,2,1,,2_1,#N/A
2020-01-08 14:15:00,2,2,59,2_2,59
2020-01-08 14:15:00,2,3,,2_3,#N/A
2020-01-08 14:15:00,3,1,,3_1,#N/A
2020-01-08 14:15:00,3,2,59,3_2,59
2020-01-08 14:15:00,3,3,95,3_3,95
2020-01-08 14:15:00,4,1,73,4_1,73
2020-01-08 14:15:00,4,2,59,4_2,59
2020-01-08 14:15:00,4,3,,4_3,#N/A
2020-01-08 14:30:00,1,1,,1_1,#N/A
2020-01-08 14:30:00,1,2,62,1_2,62
2020-01-08 14:30:00,1,3,,1_3,#N/A
2020-01-08 14:30:00,2,1,,2_1,#N/A
2020-01-08 14:30:00,2,2,62,2_2,62
2020-01-08 14:30:00,2,3,16,2_3,16
2020-01-08 14:30:00,3,1,,3_1,#N/A
2020-01-08 14:30:00,3,2,62,3_2,62
2020-01-08 14:30:00,3,3,,3_3,#N/A
2020-01-08 14:30:00,4,1,13,4_1,13
2020-01-08 14:30:00,4,2,62,4_2,62
2020-01-08 14:30:00,4,3,,4_3,#N/A
2020-01-08 14:45:00,1,1,,1_1,#N/A
2020-01-08 14:45:00,1,2,62,1_2,62
2020-01-08 14:45:00,1,3,,1_3,#N/A
2020-01-08 14:45:00,2,1,,2_1,#N/A
2020-01-08 14:45:00,2,2,,2_2,#N/A
2020-01-08 14:45:00,2,3,,2_3,#N/A
2020-01-08 14:45:00,3,1,,3_1,#N/A
2020-01-08 14:45:00,3,2,62,3_2,62
2020-01-08 14:45:00,3,3,,3_3,#N/A
2020-01-08 14:45:00,4,1,54,4_1,54
2020-01-08 14:45:00,4,2,62,4_2,62
2020-01-08 14:45:00,4,3,,4_3,#N/A
2020-01-08 15:00:00,1,1,49,1_1,49
2020-01-08 15:00:00,1,2,62,1_2,62
2020-01-08 15:00:00,1,3,,1_3,#N/A
2020-01-08 15:00:00,2,1,,2_1,#N/A
2020-01-08 15:00:00,2,2,62,2_2,62
2020-01-08 15:00:00,2,3,57,2_3,57
2020-01-08 15:00:00,3,1,85,3_1,85
2020-01-08 15:00:00,3,2,62,3_2,62
2020-01-08 15:00:00,3,3,5,3_3,5
2020-01-08 15:00:00,4,1,,4_1,#N/A
2020-01-08 15:00:00,4,2,62,4_2,62
2020-01-08 15:00:00,4,3,,4_3,#N/A
2020-01-08 15:15:00,1,1,47,1_1,47
2020-01-08 15:15:00,1,2,,1_2,#N/A
2020-01-08 15:15:00,1,3,82,1_3,82
2020-01-08 15:15:00,2,1,,2_1,#N/A
2020-01-08 15:15:00,2,2,62,2_2,62
2020-01-08 15:15:00,2,3,,2_3,#N/A
2020-01-08 15:15:00,3,1,14,3_1,14
2020-01-08 15:15:00,3,2,62,3_2,62
2020-01-08 15:15:00,3,3,7,3_3,7
2020-01-08 15:15:00,4,1,52,4_1,52
2020-01-08 15:15:00,4,2,62,4_2,62
2020-01-08 15:15:00,4,3,,4_3,#N/A
2020-01-08 15:30:00,1,1,,1_1,#N/A
2020-01-08 15:30:00,1,2,62,1_2,62
2020-01-08 15:30:00,1,3,19,1_3,19
2020-01-08 15:30:00,2,1,,2_1,#N/A
2020-01-08 15:30:00,2,2,62,2_2,62
2020-01-08 15:30:00,2,3,,2_3,#N/A
2020-01-08 15:30:00,3,1,,3_1,#N/A
2020-01-08 15:30:00,3,2,62,3_2,62
2020-01-08 15:30:00,3,3,,3_3,#N/A
2020-01-08 15:30:00,4,1,,4_1,#N/A
2020-01-08 15:30:00,4,2,,4_2,#N/A
2020-01-08 15:30:00,4,3,40,4_3,40
2020-01-08 15:45:00,1,1,82,1_1,82
2020-01-08 15:45:00,1,2,64,1_2,64
2020-01-08 15:45:00,1,3,,1_3,#N/A
2020-01-08 15:45:00,2,1,,2_1,#N/A
2020-01-08 15:45:00,2,2,64,2_2,64
2020-01-08 15:45:00,2,3,,2_3,#N/A
2020-01-08 15:45:00,3,1,,3_1,#N/A
2020-01-08 15:45:00,3,2,64,3_2,64
2020-01-08 15:45:00,3,3,,3_3,#N/A
2020-01-08 15:45:00,4,1,,4_1,#N/A
2020-01-08 15:45:00,4,2,64,4_2,64
2020-01-08 15:45:00,4,3,,4_3,#N/A
2020-01-08 16:00:00,1,1,,1_1,#N/A
2020-01-08 16:00:00,1,2,64,1_2,64
2020-01-08 16:00:00,1,3,,1_3,#N/A
2020-01-08 16:00:00,2,1,,2_1,#N/A
2020-01-08 16:00:00,2,2,64,2_2,64
2020-01-08 16:00:00,2,3,24,2_3,24
2020-01-08 16:00:00,3,1,57,3_1,57
2020-01-08 16:00:00,3,2,64,3_2,64
2020-01-08 16:00:00,3,3,79,3_3,79
2020-01-08 16:00:00,4,1,,4_1,#N/A
2020-01-08 16:00:00,4,2,64,4_2,64
2020-01-08 16:00:00,4,3,,4_3,#N/A
2020-01-08 16:15:00,1,1,70,1_1,70
2020-01-08 16:15:00,1,2,64,1_2,64
2020-01-08 16:15:00,1,3,,1_3,#N/A
2020-01-08 16:15:00,2,1,10,2_1,10
2020-01-08 16:15:00,2,2,64,2_2,64
2020-01-08 16:15:00,2,3,17,2_3,17
2020-01-08 16:15:00,3,1,70,3_1,70
2020-01-08 16:15:00,3,2,64,3_2,64
2020-01-08 16:15:00,3,3,14,3_3,14
2020-01-08 16:15:00,4,1,,4_1,#N/A
2020-01-08 16:15:00,4,2,,4_2,#N/A
2020-01-08 16:15:00,4,3,,4_3,#N/A
2020-01-08 16:30:00,1,1,,1_1,#N/A
2020-01-08 16:30:00,1,2,,1_2,#N/A
2020-01-08 16:30:00,1,3,,1_3,#N/A
2020-01-08 16:30:00,2,1,0,2_1,0
2020-01-08 16:30:00,2,2,64,2_2,64
2020-01-08 16:30:00,2,3,,2_3,#N/A
2020-01-08 16:30:00,3,1,,3_1,#N/A
2020-01-08 16:30:00,3,2,64,3_2,64
2020-01-08 16:30:00,3,3,59,3_3,59
2020-01-08 16:30:00,4,1,25,4_1,25
2020-01-08 16:30:00,4,2,64,4_2,64
2020-01-08 16:30:00,4,3,,4_3,#N/A
2020-01-08 16:45:00,1,1,45,1_1,45
2020-01-08 16:45:00,1,2,64,1_2,64
2020-01-08 16:45:00,1,3,27,1_3,27
2020-01-08 16:45:00,2,1,,2_1,#N/A
2020-01-08 16:45:00,2,2,,2_2,#N/A
2020-01-08 16:45:00,2,3,64,2_3,64
2020-01-08 16:45:00,3,1,13,3_1,13
2020-01-08 16:45:00,3,2,64,3_2,64
2020-01-08 16:45:00,3,3,99,3_3,99
2020-01-08 16:45:00,4,1,3,4_1,3
2020-01-08 16:45:00,4,2,64,4_2,64
2020-01-08 16:45:00,4,3,88,4_3,88
2020-01-08 17:00:00,1,1,88,1_1,88
2020-01-08 17:00:00,1,2,67,1_2,67
2020-01-08 17:00:00,1,3,,1_3,#N/A
2020-01-08 17:00:00,2,1,54,2_1,54
2020-01-08 17:00:00,2,2,67,2_2,67
2020-01-08 17:00:00,2,3,,2_3,#N/A
2020-01-08 17:00:00,3,1,,3_1,#N/A
2020-01-08 17:00:00,3,2,67,3_2,67
2020-01-08 17:00:00,3,3,,3_3,#N/A
2020-01-08 17:00:00,4,1,,4_1,#N/A
2020-01-08 17:00:00,4,2,67,4_2,67
2020-01-08 17:00:00,4,3,88,4_3,88
2020-01-08 17:15:00,1,1,,1_1,#N/A
2020-01-08 17:15:00,1,2,67,1_2,67
2020-01-08 17:15:00,1,3,36,1_3,36
2020-01-08 17:15:00,2,1,,2_1,#N/A
2020-01-08 17:15:00,2,2,67,2_2,67
2020-01-08 17:15:00,2,3,67,2_3,67
2020-01-08 17:15:00,3,1,,3_1,#N/A
2020-01-08 17:15:00,3,2,67,3_2,67
2020-01-08 17:15:00,3,3,,3_3,#N/A
2020-01-08 17:15:00,4,1,64,4_1,64
2020-01-08 17:15:00,4,2,67,4_2,67
2020-01-08 17:15:00,4,3,82,4_3,82
2020-01-08 17:30:00,1,1,38,1_1,38
2020-01-08 17:30:00,1,2,67,1_2,67
2020-01-08 17:30:00,1,3,43,1_3,43
2020-01-08 17:30:00,2,1,,2_1,#N/A
2020-01-08 17:30:00,2,2,67,2_2,67
2020-01-08 17:30:00,2,3,52,2_3,52
2020-01-08 17:30:00,3,1,,3_1,#N/A
2020-01-08 17:30:00,3,2,67,3_2,67
2020-01-08 17:30:00,3,3,,3_3,#N/A
2020-01-08 17:30:00,4,1,,4_1,#N/A
2020-01-08 17:30:00,4,2,67,4_2,67
2020-01-08 17:30:00,4,3,,4_3,#N/A
2020-01-08 17:45:00,1,1,,1_1,#N/A
2020-01-08 17:45:00,1,2,67,1_2,67
2020-01-08 17:45:00,1,3,,1_3,#N/A
2020-01-08 17:45:00,2,1,8,2_1,8
2020-01-08 17:45:00,2,2,67,2_2,67
2020-01-08 17:45:00,2,3,,2_3,#N/A
2020-01-08 17:45:00,3,1,2,3_1,2
2020-01-08 17:45:00,3,2,,3_2,#N/A
2020-01-08 17:45:00,3,3,,3_3,#N/A
2020-01-08 17:45:00,4,1,64,4_1,64
2020-01-08 17:45:00,4,2,67,4_2,67
2020-01-08 17:45:00,4,3,,4_3,#N/A
2020-01-08 18:00:00,1,1,,1_1,#N/A
2020-01-08 18:00:00,1,2,67,1_2,67
2020-01-08 18:00:00,1,3,16,1_3,16
2020-01-08 18:00:00,2,1,,2_1,#N/A
2020-01-08 18:00:00,2,2,67,2_2,67
2020-01-08 18:00:00,2,3,47,2_3,47
2020-01-08 18:00:00,3,1,54,3_1,54
2020-01-08 18:00:00,3,2,67,3_2,67
2020-01-08 18:00:00,3,3,,3_3,#N/A
2020-01-08 18:00:00,4,1,,4_1,#N/A
2020-01-08 18:00:00,4,2,67,4_2,67
2020-01-08 18:00:00,4,3,24,4_3,24
2020-01-08 18:15:00,1,1,99,1_1,99
2020-01-08 18:15:00,1,2,70,1_2,70
2020-01-08 18:15:00,1,3,25,1_3,25
2020-01-08 18:15:00,2,1,9,2_1,9
2020-01-08 18:15:00,2,2,70,2_2,70
2020-01-08 18:15:00,2,3,85,2_3,85
2020-01-08 18:15:00,3,1,36,3_1,36
2020-01-08 18:15:00,3,2,70,3_2,70
2020-01-08 18:15:00,3,3,,3_3,#N/A
2020-01-08 18:15:00,4,1,73,4_1,73
2020-01-08 18:15:00,4,2,,4_2,#N/A
2020-01-08 18:15:00,4,3,,4_3,#N/A
2020-01-08 18:30:00,1,1,,1_1,#N/A
2020-01-08 18:30:00,1,2,70,1_2,70
2020-01-08 18:30:00,1,3,92,1_3,92
2020-01-08 18:30:00,2,1,,2_1,#N/A
2020-01-08 18:30:00,2,2,70,2_2,70
2020-01-08 18:30:00,2,3,57,2_3,57
2020-01-08 18:30:00,3,1,8,3_1,8
2020-01-08 18:30:00,3,2,70,3_2,70
2020-01-08 18:30:00,3,3,,3_3,#N/A
2020-01-08 18:30:00,4,1,,4_1,#N/A
2020-01-08 18:30:00,4,2,70,4_2,70
2020-01-08 18:30:00,4,3,52,4_3,52
2020-01-08 18:45:00,1,1,,1_1,#N/A
2020-01-08 18:45:00,1,2,70,1_2,70
2020-01-08 18:45:00,1,3,,1_3,#N/A
2020-01-08 18:45:00,2,1,,2_1,#N/A
2020-01-08 18:45:00,2,2,70,2_2,70
2020-01-08 18:45:00,2,3,,2_3,#N/A
2020-01-08 18:45:00,3,1,,3_1,#N/A
2020-01-08 18:45:00,3,2,70,3_2,70
2020-01-08 18:45:00,3,3,,3_3,#N/A
2020-01-08 18:45:00,4,1,,4_1,#N/A
2020-01-08 18:45:00,4,2,70,4_2,70
2020-01-08 18:45:00,4,3,99,4_3,99
2020-01-08 19:00:00,1,1,14,1_1,14
2020-01-08 19:00:00,1,2,70,1_2,70
2020-01-08 19:00:00,1,3,3,1_3,3
2020-01-08 19:00:00,2,1,,2_1,#N/A
2020-01-08 19:00:00,2,2,70,2_2,70
2020-01-08 19:00:00,2,3,,2_3,#N/A
2020-01-08 19:00:00,3,1,,3_1,#N/A
2020-01-08 19:00:00,3,2,70,3_2,70
2020-01-08 19:00:00,3,3,,3_3,#N/A
2020-01-08 19:00:00,4,1,70,4_1,70
2020-01-08 19:00:00,4,2,70,4_2,70
2020-01-08 19:00:00,4,3,,4_3,#N/A
2020-01-08 19:15:00,1,1,7,1_1,7
2020-01-08 19:15:00,1,2,70,1_2,70
2020-01-08 19:15:00,1,3,,1_3,#N/A
2020-01-08 19:15:00,2,1,,2_1,#N/A
2020-01-08 19:15:00,2,2,70,2_2,70
2020-01-08 19:15:00,2,3,,2_3,#N/A
2020-01-08 19:15:00,3,1,1,3_1,1
2020-01-08 19:15:00,3,2,70,3_2,70
2020-01-08 19:15:00,3,3,59,3_3,59
2020-01-08 19:15:00,4,1,1,4_1,1
2020-01-08 19:15:00,4,2,70,4_2,70
2020-01-08 19:15:00,4,3,,4_3,#N/A
2020-01-08 19:30:00,1,1,,1_1,#N/A
2020-01-08 19:30:00,1,2,73,1_2,73
2020-01-08 19:30:00,1,3,,1_3,#N/A
2020-01-08 19:30:00,2,1,59,2_1,59
2020-01-08 19:30:00,2,2,,2_2,#N/A
2020-01-08 19:30:00,2,3,9,2_3,9
2020-01-08 19:30:00,3,1,,3_1,#N/A
2020-01-08 19:30:00,3,2,73,3_2,73
2020-01-08 19:30:00,3,3,,3_3,#N/A
2020-01-08 19:30:00,4,1,70,4_1,70
2020-01-08 19:30:00,4,2,73,4_2,73
2020-01-08 19:30:00,4,3,,4_3,#N/A
2020-01-08 19:45:00,1,1,82,1_1,82
2020-01-08 19:45:00,1,2,73,1_2,73
2020-01-08 19:45:00,1,3,,1_3,#N/A
2020-01-08 19:45:00,2,1,0,2_1,0
2020-01-08 19:45:00,2,2,73,2_2,73
2020-01-08 19:45:00,2,3,43,2_3,43
2020-01-08 19:45:00,3,1,0,3_1,0
2020-01-08 19:45:00,3,2,73,3_2,73
2020-01-08 19:45:00,3,3,,3_3,#N/A
2020-01-08 19:45:00,4,1,,4_1,#N/A
2020-01-08 19:45:00,4,2,73,4_2,73
2020-01-08 19:45:00,4,3,,4_3,#N/A
2020-01-08 20:00:00,1,1,,1_1,#N/A
2020-01-08 20:00:00,1,2,73,1_2,73
2020-01-08 20:00:00,1,3,,1_3,#N/A
2020-01-08 20:00:00,2,1,,2_1,#N/A
2020-01-08 20:00:00,2,2,73,2_2,73
2020-01-08 20:00:00,2,3,,2_3,#N/A
2020-01-08 20:00:00,3,1,,3_1,#N/A
2020-01-08 20:00:00,3,2,73,3_2,73
2020-01-08 20:00:00,3,3,,3_3,#N/A
2020-01-08 20:00:00,4,1,73,4_1,73
2020-01-08 20:00:00,4,2,73,4_2,73
2020-01-08 20:00:00,4,3,,4_3,#N/A
2020-01-08 20:15:00,1,1,,1_1,#N/A
2020-01-08 20:15:00,1,2,73,1_2,73
2020-01-08 20:15:00,1,3,64,1_3,64
2020-01-08 20:15:00,2,1,,2_1,#N/A
2020-01-08 20:15:00,2,2,73,2_2,73
2020-01-08 20:15:00,2,3,17,2_3,17
2020-01-08 20:15:00,3,1,,3_1,#N/A
2020-01-08 20:15:00,3,2,73,3_2,73
2020-01-08 20:15:00,3,3,36,3_3,36
2020-01-08 20:15:00,4,1,14,4_1,14
2020-01-08 20:15:00,4,2,73,4_2,73
2020-01-08 20:15:00,4,3,13,4_3,13
2020-01-08 20:30:00,1,1,82,1_1,82
2020-01-08 20:30:00,1,2,73,1_2,73
2020-01-08 20:30:00,1,3,99,1_3,99
2020-01-08 20:30:00,2,1,0,2_1,0
2020-01-08 20:30:00,2,2,73,2_2,73
2020-01-08 20:30:00,2,3,2,2_3,2
2020-01-08 20:30:00,3,1,,3_1,#N/A
2020-01-08 20:30:00,3,2,73,3_2,73
2020-01-08 20:30:00,3,3,32,3_3,32
2020-01-08 20:30:00,4,1,,4_1,#N/A
2020-01-08 20:30:00,4,2,73,4_2,73
2020-01-08 20:30:00,4,3,29,4_3,29
2020-01-08 20:45:00,1,1,,1_1,#N/A
2020-01-08 20:45:00,1,2,,1_2,#N/A
2020-01-08 20:45:00,1,3,99,1_3,99
2020-01-08 20:45:00,2,1,,2_1,#N/A
2020-01-08 20:45:00,2,2,76,2_2,76
2020-01-08 20:45:00,2,3,,2_3,#N/A
2020-01-08 20:45:00,3,1,,3_1,#N/A
2020-01-08 20:45:00,3,2,76,3_2,76
2020-01-08 20:45:00,3,3,16,3_3,16
2020-01-08 20:45:00,4,1,29,4_1,29
2020-01-08 20:45:00,4,2,76,4_2,76
2020-01-08 20:45:00,4,3,,4_3,#N/A
2020-01-08 21:00:00,1,1,88,1_1,88
2020-01-08 21:00:00,1,2,76,1_2,76
2020-01-08 21:00:00,1,3,,1_3,#N/A
2020-01-08 21:00:00,2,1,73,2_1,73
2020-01-08 21:00:00,2,2,76,2_2,76
2020-01-08 21:00:00,2,3,25,2_3,25
2020-01-08 21:00:00,3,1,3,3_1,3
2020-01-08 21:00:00,3,2,76,3_2,76
2020-01-08 21:00:00,3,3,,3_3,#N/A
2020-01-08 21:00:00,4,1,,4_1,#N/A
2020-01-08 21:00:00,4,2,76,4_2,76
2020-01-08 21:00:00,4,3,,4_3,#N/A
2020-01-08 21:15:00,1,1,,1_1,#N/A
2020-01-08 21:15:00,1,2,76,1_2,76
2020-01-08 21:15:00,1,3,1,1_3,1
2020-01-08 21:15:00,2,1,76,2_1,76
2020-01-08 21:15:00,2,2,76,2_2,76
2020-01-08 21:15:00,2,3,8,2_3,8
2020-01-08 21:15:00,3,1,36,3_1,36
2020-01-08 21:15:00,3,2,76,3_2,76
2020-01-08 21:15:00,3,3,57,3_3,57
2020-01-08 21:15:00,4,1,40,4_1,40
2020-01-08 21:15:00,4,2,76,4_2,76
2020-01-08 21:15:00,4,3,95,4_3,95
2020-01-08 21:30:00,1,1,,1_1,#N/A
2020-01-08 21:30:00,1,2,76,1_2,76
2020-01-08 21:30:00,1,3,32,1_3,32
2020-01-08 21:30:00,2,1,,2_1,#N/A
2020-01-08 21:30:00,2,2,,2_2,#N/A
2020-01-08 21:30:00,2,3,52,2_3,52
2020-01-08 21:30:00,3,1,2,3_1,2
2020-01-08 21:30:00,3,2,,3_2,#N/A
2020-01-08 21:30:00,3,3,,3_3,#N/A
2020-01-08 21:30:00,4,1,,4_1,#N/A
2020-01-08 21:30:00,4,2,76,4_2,76
2020-01-08 21:30:00,4,3,,4_3,#N/A
2020-01-08 21:45:00,1,1,,1_1,#N/A
2020-01-08 21:45:00,1,2,76,1_2,76
2020-01-08 21:45:00,1,3,,1_3,#N/A
2020-01-08 21:45:00,2,1,,2_1,#N/A
2020-01-08 21:45:00,2,2,76,2_2,76
2020-01-08 21:45:00,2,3,,2_3,#N/A
2020-01-08 21:45:00,3,1,2,3_1,2
2020-01-08 21:45:00,3,2,76,3_2,76
2020-01-08 21:45:00,3,3,,3_3,#N/A
2020-01-08 21:45:00,4,1,,4_1,#N/A
2020-01-08 21:45:00,4,2,76,4_2,76
2020-01-08 21:45:00,4,3,95,4_3,95
2020-01-08 22:00:00,1,1,,1_1,#N/A
2020-01-08 22:00:00,1,2,79,1_2,79
2020-01-08 22:00:00,1,3,,1_3,#N/A
2020-01-08 22:00:00,2,1,12,2_1,12
2020-01-08 22:00:00,2,2,79,2_2,79
2020-01-08 22:00:00,2,3,88,2_3,88
2020-01-08 22:00:00,3,1,,3_1,#N/A
2020-01-08 22:00:00,3,2,79,3_2,79
2020-01-08 22:00:00,3,3,,3_3,#N/A
2020-01-08 22:00:00,4,1,19,4_1,19
2020-01-08 22:00:00,4,2,79,4_2,79
2020-01-08 22:00:00,4,3,43,4_3,43
2020-01-08 22:15:00,1,1,,1_1,#N/A
2020-01-08 22:15:00,1,2,79,1_2,79
2020-01-08 22:15:00,1,3,,1_3,#N/A
2020-01-08 22:15:00,2,1,,2_1,#N/A
2020-01-08 22:15:00,2,2,79,2_2,79
2020-01-08 22:15:00,2,3,43,2_3,43
2020-01-08 22:15:00,3,1,38,3_1,38
2020-01-08 22:15:00,3,2,79,3_2,79
2020-01-08 22:15:00,3,3,,3_3,#N/A
2020-01-08 22:15:00,4,1,,4_1,#N/A
2020-01-08 22:15:00,4,2,79,4_2,79
2020-01-08 22:15:00,4,3,,4_3,#N/A
2020-01-08 22:30:00,1,1,,1_1,#N/A
2020-01-08 22:30:00,1,2,79,1_2,79
2020-01-08 22:30:00,1,3,,1_3,#N/A
2020-01-08 22:30:00,2,1,4,2_1,4
2020-01-08 22:30:00,2,2,79,2_2,79
2020-01-08 22:30:00,2,3,,2_3,#N/A
2020-01-08 22:30:00,3,1,,3_1,#N/A
2020-01-08 22:30:00,3,2,79,3_2,79
2020-01-08 22:30:00,3,3,29,3_3,29
2020-01-08 22:30:00,4,1,,4_1,#N/A
2020-01-08 22:30:00,4,2,79,4_2,79
2020-01-08 22:30:00,4,3,,4_3,#N/A
2020-01-08 22:45:00,1,1,67,1_1,67
2020-01-08 22:45:00,1,2,,1_2,#N/A
2020-01-08 22:45:00,1,3,,1_3,#N/A
2020-01-08 22:45:00,2,1,,2_1,#N/A
2020-01-08 22:45:00,2,2,79,2_2,79
2020-01-08 22:45:00,2,3,92,2_3,92
2020-01-08 22:45:00,3,1,,3_1,#N/A
2020-01-08 22:45:00,3,2,79,3_2,79
2020-01-08 22:45:00,3,3,,3_3,#N/A
2020-01-08 22:45:00,4,1,16,4_1,16
2020-01-08 22:45:00,4,2,79,4_2,79
2020-01-08 22:45:00,4,3,,4_3,#N/A
2020-01-08 23:00:00,1,1,52,1_1,52
2020-01-08 23:00:00,1,2,79,1_2,79
2020-01-08 23:00:00,1,3,,1_3,#N/A
2020-01-08 23:00:00,2,1,,2_1,#N/A
2020-01-08 23:00:00,2,2,79,2_2,79
2020-01-08 23:00:00,2,3,38,2_3,38
2020-01-08 23:00:00,3,1,,3_1,#N/A
2020-01-08 23:00:00,3,2,79,3_2,79
2020-01-08 23:00:00,3,3,,3_3,#N/A
2020-01-08 23:00:00,4,1,38,4_1,38
2020-01-08 23:00:00,4,2,79,4_2,79
2020-01-08 23:00:00,4,3,,4_3,#N/A
2020-01-08 23:15:00,1,1,,1_1,#N/A
2020-01-08 23:15:00,1,2,,1_2,#N/A
2020-01-08 23:15:00,1,3,,1_3,#N/A
2020-01-08 23:15:00,2,1,79,2_1,79
2020-01-08 23:15:00,2,2,82,2_2,82
2020-01-08 23:15:00,2,3,24,2_3,24
2020-01-08 23:15:00,3,1,62,3_1,62
2020-01-08 23:15:00,3,2,82,3_2,82
2020-01-08 23:15:00,3,3,,3_3,#N/A
2020-01-08 23:15:00,4,1,,4_1,#N/A
2020-01-08 23:15:00,4,2,82,4_2,82
2020-01-08 23:15:00,4,3,,4_3,#N/A
2020-01-08 23:30:00,1,1,47,1_1,47
2020-01-08 23:30:00,1,2,82,1_2,82
2020-01-08 23:30:00,1,3,8,1_3,8
2020-01-08 23:30:00,2,1,,2_1,#N/A
2020-01-08 23:30:00,2,2,82,2_2,82
2020-01-08 23:30:00,2,3,,2_3,#N/A
2020-01-08 23:30:00,3,1,47,3_1,47
2020-01-08 23:30:00,3,2,82,3_2,82
2020-01-08 23:30:00,3,3,45,3_3,45
2020-01-08 23:30:00,4,1,17,4_1,17
2020-01-08 23:30:00,4,2,,4_2,#N/A
2020-01-08 23:30:00,4,3,,4_3,#N/A
2020-01-08 23:45:00,1,1,,1_1,#N/A
2020-01-08 23:45:00,1,2,82,1_2,82
2020-01-08 23:45:00,1,3,,1_3,#N/A
2020-01-08 23:45:00,2,1,,2_1,#N/A
2020-01-08 23:45:00,2,2,82,2_2,82
2020-01-08 23:45:00,2,3,,2_3,#N/A
2020-01-08 23:45:00,3,1,38,3_1,38
2020-01-08 23:45:00,3,2,82,3_2,82
2020-01-08 23:45:00,3,3,29,3_3,29
2020-01-08 23:45:00,4,1,34,4_1,34
2020-01-08 23:45:00,4,2,82,4_2,82
2020-01-08 23:45:00,4,3,59,4_3,59
,,,0,,0
